(1708736730.617461) can0 6F1#120221F000000000
(1708736730.632890) can0 612#F1100E61F000464F
(1708736730.633536) can0 6F1#1230000000000000
(1708736730.633845) can0 612#F12130F3392D5000
(1708736730.634093) can0 612#F122004F00FFFFFF
(1708736730.652336) can0 130#45FFFDFFFF
(1708736730.667235) can0 6F1#120221F000000000
(1708736730.682733) can0 612#F1100E61F000464F
(1708736730.683391) can0 6F1#1230000000000000
(1708736730.683650) can0 612#F12130F3392D5000
(1708736730.683895) can0 612#F122004F00FFFFFF
(1708736730.716964) can0 6F1#120221F000000000
(1708736730.732819) can0 612#F1100E61F000464F
(1708736730.733446) can0 6F1#1230000000000000
(1708736730.733707) can0 612#F12130F3392D5000
(1708736730.733953) can0 612#F122004F00FFFFFF
(1708736730.762314) can0 130#45FFFDFFFF
(1708736730.767192) can0 6F1#120221F000000000
(1708736730.782837) can0 612#F1100E61F000464F
(1708736730.783483) can0 6F1#1230000000000000
(1708736730.783766) can0 612#F12130F339255000
(1708736730.784017) can0 612#F122004F00FFFFFF
(1708736730.816887) can0 6F1#120221F000000000
(1708736730.832804) can0 612#F1100E61F000464F
(1708736730.833446) can0 6F1#1230000000000000
(1708736730.833728) can0 612#F12130F339255000
(1708736730.833977) can0 612#F122004F00FFFFFF
(1708736730.852386) can0 130#45FFFDFFFF
(1708736730.866500) can0 6F1#120221F000000000
(1708736730.882788) can0 612#F1100E61F000464F
(1708736730.883440) can0 6F1#1230000000000000
(1708736730.883721) can0 612#F12130F3392D5000
(1708736730.884002) can0 612#F122004F00FFFFFF
(1708736730.916352) can0 6F1#120221F000000000
(1708736730.934219) can0 612#F1100E61F000464F
(1708736730.934866) can0 6F1#1230000000000000
(1708736730.935129) can0 612#F12130F3392D5000
(1708736730.935381) can0 612#F122004F00FFFFFF
(1708736730.952362) can0 130#45FFFDFFFF
(1708736730.965987) can0 6F1#120221F000000000
(1708736730.984802) can0 612#F1100E61F000464F
(1708736730.985420) can0 6F1#1230000000000000
(1708736730.985707) can0 612#F12130F3392D5000
(1708736730.985987) can0 612#F122004F00FFFFFF
(1708736731.015520) can0 6F1#120221F000000000
(1708736731.034210) can0 612#F1100E61F000464F
(1708736731.034854) can0 6F1#1230000000000000
(1708736731.035130) can0 612#F12130F3392D5000
(1708736731.035378) can0 612#F122004F00FFFFFF
(1708736731.052347) can0 130#45FFFDFFFF
(1708736731.066069) can0 6F1#120221F000000000
(1708736731.082779) can0 612#F1100E61F000464E
(1708736731.083412) can0 6F1#1230000000000000
(1708736731.083671) can0 612#F12130F3392D5000
(1708736731.083916) can0 612#F122004E00FFFFFF
(1708736731.115814) can0 6F1#120221F000000000
(1708736731.134171) can0 612#F1100E61F000464E
(1708736731.134827) can0 6F1#1230000000000000
(1708736731.135090) can0 612#F12130F3392D5000
(1708736731.135336) can0 612#F122004E00FFFFFF
(1708736731.152359) can0 130#45FFFDFFFF
(1708736731.166294) can0 6F1#120221F000000000
(1708736731.184785) can0 612#F1100E61F000464F
(1708736731.185430) can0 6F1#1230000000000000
(1708736731.185713) can0 612#F12130F3392D5000
(1708736731.185966) can0 612#F122004F00FFFFFF
(1708736731.215774) can0 6F1#120221F000000000
(1708736731.232785) can0 612#F1100E61F000464F
(1708736731.233433) can0 6F1#1230000000000000
(1708736731.233749) can0 612#F12130F339255000
(1708736731.234009) can0 612#F122004F00FFFFFF
(1708736731.252395) can0 130#45FFFDFFFF
(1708736731.265418) can0 6F1#120221F000000000
(1708736731.282821) can0 612#F1100E61F000464E
(1708736731.283448) can0 6F1#1230000000000000
(1708736731.283744) can0 612#F12130F3392D5000
(1708736731.284023) can0 612#F122004E00FFFFFF
(1708736731.316218) can0 6F1#120221F000000000
(1708736731.334258) can0 612#F1100E61F000464E
(1708736731.334904) can0 6F1#1230000000000000
(1708736731.335164) can0 612#F12130F3392D5000
(1708736731.335412) can0 612#F122004E00FFFFFF
(1708736731.352387) can0 130#45FFFDFFFF
(1708736731.365932) can0 6F1#120221F000000000
(1708736731.384750) can0 612#F1100E61F000464F
(1708736731.385453) can0 6F1#1230000000000000
(1708736731.385733) can0 612#F12130F3392D5000
(1708736731.385984) can0 612#F122004F00FFFFFF
(1708736731.414759) can0 6F1#120221F000000000
(1708736731.424509) can0 612#F1100E61F000464F
(1708736731.425151) can0 6F1#1230000000000000
(1708736731.425412) can0 612#F12130F3392D5000
(1708736731.425662) can0 612#F122004F00FFFFFF
(1708736731.452428) can0 130#45FFFDFFFF
(1708736731.465129) can0 6F1#120221F000000000
(1708736731.472931) can0 612#F1100E61F000464F
(1708736731.473566) can0 6F1#1230000000000000
(1708736731.473860) can0 612#F12130F3392D5000
(1708736731.474108) can0 612#F122004F00FFFFFF
(1708736731.515292) can0 6F1#120221F000000000
(1708736731.524533) can0 612#F1100E61F000464E
(1708736731.525194) can0 6F1#1230000000000000
(1708736731.525490) can0 612#F12130F3392D5000
(1708736731.525734) can0 612#F122004E00FFFFFF
(1708736731.552356) can0 130#45FFFDFFFF
(1708736731.564744) can0 6F1#120221F000000000
(1708736731.574212) can0 612#F1100E61F000464E
(1708736731.574851) can0 6F1#1230000000000000
(1708736731.575146) can0 612#F12130F3392D5000
(1708736731.575403) can0 612#F122004E00FFFFFF
(1708736731.614787) can0 6F1#120221F000000000
(1708736731.624561) can0 612#F1100E61F000464F
(1708736731.625203) can0 6F1#1230000000000000
(1708736731.625461) can0 612#F12130F3392D5000
(1708736731.625723) can0 612#F122004F00FFFFFF
(1708736731.652398) can0 130#45FFFDFFFF
(1708736731.664837) can0 6F1#120221F000000000
(1708736731.674219) can0 612#F1100E61F000464F
(1708736731.674856) can0 6F1#1230000000000000
(1708736731.675149) can0 612#F12130F3392D5000
(1708736731.675433) can0 612#F122004F00FFFFFF
(1708736731.714755) can0 6F1#120221F000000000
(1708736731.724744) can0 612#F1100E61F000464F
(1708736731.725390) can0 6F1#1230000000000000
(1708736731.725638) can0 612#F12130F339225000
(1708736731.725886) can0 612#F122004F00FFFFFF
(1708736731.752351) can0 130#45FFFDFFFF
(1708736731.764331) can0 6F1#120221F000000000
(1708736731.774244) can0 612#F1100E61F000464F
(1708736731.774890) can0 6F1#1230000000000000
(1708736731.775183) can0 612#F12130F3392D5000
(1708736731.775429) can0 612#F122004F00FFFFFF
(1708736731.814215) can0 6F1#120221F000000000
(1708736731.824532) can0 612#F1100E61F000464F
(1708736731.825196) can0 6F1#1230000000000000
(1708736731.825454) can0 612#F12130F3392D5000
(1708736731.825699) can0 612#F122004F00FFFFFF
(1708736731.852448) can0 130#45FFFDFFFF
(1708736731.863744) can0 6F1#120221F000000000
(1708736731.874231) can0 612#F1100E61F000464F
(1708736731.874868) can0 6F1#1230000000000000
(1708736731.875164) can0 612#F12130F3392D5000
(1708736731.875444) can0 612#F122004F00FFFFFF
(1708736731.914110) can0 6F1#120221F000000000
(1708736731.924594) can0 612#F1100E61F000464F
(1708736731.925241) can0 6F1#1230000000000000
(1708736731.925500) can0 612#F12130F3392D5000
(1708736731.925745) can0 612#F122004F00FFFFFF
(1708736731.952357) can0 130#45FFFDFFFF
(1708736731.963749) can0 6F1#120221F000000000
(1708736731.974239) can0 612#F1100E61F000464F
(1708736731.974879) can0 6F1#1230000000000000
(1708736731.975177) can0 612#F12130F3392D5000
(1708736731.975425) can0 612#F122004F00FFFFFF
(1708736732.013504) can0 6F1#120221F000000000
(1708736732.024511) can0 612#F1100E61F000464F
(1708736732.025171) can0 6F1#1230000000000000
(1708736732.025416) can0 612#F12130F3392D5000
(1708736732.025661) can0 612#F122004F00FFFFFF
(1708736732.052428) can0 130#45FFFDFFFF
(1708736732.063023) can0 6F1#120221F000000000
(1708736732.074503) can0 612#F1100E61F000464F
(1708736732.075146) can0 6F1#1230000000000000
(1708736732.075403) can0 612#F12130F3392D5000
(1708736732.075650) can0 612#F122004F00FFFFFF
(1708736732.113443) can0 6F1#120221F000000000
(1708736732.124574) can0 612#F1100E61F000464F
(1708736732.125219) can0 6F1#1230000000000000
(1708736732.125464) can0 612#F12130F3392D5000
(1708736732.125719) can0 612#F122004F00FFFFFF
(1708736732.152380) can0 130#45FFFDFFFF
(1708736732.163879) can0 6F1#120221F000000000
(1708736732.174214) can0 612#F1100E61F000464F
(1708736732.174867) can0 6F1#1230000000000000
(1708736732.175165) can0 612#F12130F3392D5000
(1708736732.175415) can0 612#F122004F00FFFFFF
(1708736732.213144) can0 6F1#120221F000000000
(1708736732.224567) can0 612#F1100E61F000464F
(1708736732.225207) can0 6F1#1230000000000000
(1708736732.225502) can0 612#F12130F3392D5000
(1708736732.225748) can0 612#F122004F00FFFFFF
(1708736732.252449) can0 130#45FFFDFFFF
(1708736732.262904) can0 6F1#120221F000000000
(1708736732.274245) can0 612#F1100E61F000464F
(1708736732.274873) can0 6F1#1230000000000000
(1708736732.275161) can0 612#F12130F3392D5000
(1708736732.275402) can0 612#F122004F00FFFFFF
(1708736732.312934) can0 6F1#120221F000000000
(1708736732.324584) can0 612#F1100E61F000464F
(1708736732.325243) can0 6F1#1230000000000000
(1708736732.325491) can0 612#F12130F3392D5000
(1708736732.325741) can0 612#F122004F00FFFFFF
(1708736732.352403) can0 130#45FFFDFFFF
(1708736732.363279) can0 6F1#120221F000000000
(1708736732.374261) can0 612#F1100E61F000464F
(1708736732.374912) can0 6F1#1230000000000000
(1708736732.375157) can0 612#F12130F3392D5000
(1708736732.375406) can0 612#F122004F00FFFFFF
(1708736732.413173) can0 6F1#120221F000000000
(1708736732.424586) can0 612#F1100E61F000464E
(1708736732.425239) can0 6F1#1230000000000000
(1708736732.425537) can0 612#F12130F3392D5000
(1708736732.425780) can0 612#F122004E00FFFFFF
(1708736732.462262) can0 6F1#120221F000000000
(1708736732.462550) can0 130#45FFFDFFFF
(1708736732.474210) can0 612#F1100E61F000464E
(1708736732.474868) can0 6F1#1230000000000000
(1708736732.475161) can0 612#F12130F3392D5000
(1708736732.475445) can0 612#F122004E00FFFFFF
(1708736732.512511) can0 6F1#120221F000000000
(1708736732.524586) can0 612#F1100E61F000464F
(1708736732.525232) can0 6F1#1230000000000000
(1708736732.525480) can0 612#F12130F3392D5000
(1708736732.525738) can0 612#F122004F00FFFFFF
(1708736732.552400) can0 130#45FFFDFFFF
(1708736732.562901) can0 6F1#120221F000000000
(1708736732.574227) can0 612#F1100E61F000464F
(1708736732.574891) can0 6F1#1230000000000000
(1708736732.575184) can0 612#F12130F339255000
(1708736732.575432) can0 612#F122004F00FFFFFF
(1708736732.612272) can0 6F1#120221F000000000
(1708736732.624571) can0 612#F1100E61F000464F
(1708736732.625212) can0 6F1#1230000000000000
(1708736732.625508) can0 612#F12130F3392D5000
(1708736732.625752) can0 612#F122004F00FFFFFF
(1708736732.652461) can0 130#45FFFDFFFF
(1708736732.661837) can0 6F1#120221F000000000
(1708736732.674230) can0 612#F1100E61F000464F
(1708736732.674890) can0 6F1#1230000000000000
(1708736732.675184) can0 612#F12130F3392D5000
(1708736732.675469) can0 612#F122004F00FFFFFF
(1708736732.711796) can0 6F1#120221F000000000
(1708736732.724607) can0 612#F1100E61F000464F
(1708736732.725253) can0 6F1#1230000000000000
(1708736732.725512) can0 612#F12130F339255000
(1708736732.725761) can0 612#F122004F00FFFFFF
(1708736732.762201) can0 6F1#120221F000000000
(1708736732.762493) can0 130#45FFFDFFFF
(1708736732.774221) can0 612#F1100E61F000464F
(1708736732.774885) can0 6F1#1230000000000000
(1708736732.775173) can0 612#F12130F3392D5000
(1708736732.775456) can0 612#F122004F00FFFFFF
(1708736732.812062) can0 6F1#120221F000000000
(1708736732.824590) can0 612#F1100E61F000464F
(1708736732.825238) can0 6F1#1230000000000000
(1708736732.825486) can0 612#F12130F3392D5000
(1708736732.825732) can0 612#F122004F00FFFFFF
(1708736732.852480) can0 130#45FFFDFFFF
(1708736732.862435) can0 6F1#120221F000000000
(1708736732.874222) can0 612#F1100E61F000464F
(1708736732.874880) can0 6F1#1230000000000000
(1708736732.875173) can0 612#F12130F3392D5000
(1708736732.875468) can0 612#F122004F00FFFFFF
(1708736732.911989) can0 6F1#120221F000000000
(1708736732.924603) can0 612#F1100E61F000464F
(1708736732.925257) can0 6F1#1230000000000000
(1708736732.925519) can0 612#F12130F3392D5000
(1708736732.925769) can0 612#F122004F00FFFFFF
(1708736732.952413) can0 130#45FFFDFFFF
(1708736732.961274) can0 6F1#120221F000000000
(1708736732.974260) can0 612#F1100E61F000464F
(1708736732.974908) can0 6F1#1230000000000000
(1708736732.975155) can0 612#F12130F3392D5000
(1708736732.975400) can0 612#F122004F00FFFFFF
(1708736733.011835) can0 6F1#120221F000000000
(1708736733.024554) can0 612#F1100E61F000464F
(1708736733.025195) can0 6F1#1230000000000000
(1708736733.025490) can0 612#F12130F3392D5000
(1708736733.025737) can0 612#F122004F00FFFFFF
(1708736733.052436) can0 130#45FFFDFFFF
(1708736733.061448) can0 6F1#120221F000000000
(1708736733.074238) can0 612#F1100E61F000464F
(1708736733.074876) can0 6F1#1230000000000000
(1708736733.075173) can0 612#F12130F3392D5000
(1708736733.075422) can0 612#F122004F00FFFFFF
(1708736733.111380) can0 6F1#120221F000000000
(1708736733.124610) can0 612#F1100E61F000464F
(1708736733.125258) can0 6F1#1230000000000000
(1708736733.125516) can0 612#F12130F3392D5000
(1708736733.125777) can0 612#F122004F00FFFFFF
(1708736733.152426) can0 130#45FFFDFFFF
(1708736733.160704) can0 6F1#120221F000000000
(1708736733.174259) can0 612#F1100E61F000464F
(1708736733.174910) can0 6F1#1230000000000000
(1708736733.175206) can0 612#F12130F3392D5000
(1708736733.175453) can0 612#F122004F00FFFFFF
(1708736733.211017) can0 6F1#120221F000000000
(1708736733.224575) can0 612#F1100E61F000464F
(1708736733.225220) can0 6F1#1230000000000000
(1708736733.225502) can0 612#F12130F3392D5000
(1708736733.225782) can0 612#F122004F00FFFFFF
(1708736733.252432) can0 130#45FFFDFFFF
(1708736733.261218) can0 6F1#120221F000000000
(1708736733.274262) can0 612#F1100E61F000464F
(1708736733.274909) can0 6F1#1230000000000000
(1708736733.275192) can0 612#F12130F3392D5000
(1708736733.275470) can0 612#F122004F00FFFFFF
(1708736733.311399) can0 6F1#120221F000000000
(1708736733.324617) can0 612#F1100E61F000464F
(1708736733.325262) can0 6F1#1230000000000000
(1708736733.325523) can0 612#F12130F3392D5000
(1708736733.325783) can0 612#F122004F00FFFFFF
(1708736733.352405) can0 130#45FFFDFFFF
(1708736733.360224) can0 6F1#120221F000000000
(1708736733.374262) can0 612#F1100E61F000464F
(1708736733.374906) can0 6F1#1230000000000000
(1708736733.375185) can0 612#F12130F3392D5000
(1708736733.375467) can0 612#F122004F00FFFFFF
(1708736733.411411) can0 6F1#120221F000000000
(1708736733.424547) can0 612#F1100E61F000464F
(1708736733.425214) can0 6F1#1230000000000000
(1708736733.425514) can0 612#F12130F3392D5000
(1708736733.425758) can0 612#F122004F00FFFFFF
(1708736733.452454) can0 130#45FFFDFFFF
(1708736733.460173) can0 6F1#120221F000000000
(1708736733.474273) can0 612#F1100E61F000464F
(1708736733.474917) can0 6F1#1230000000000000
(1708736733.475179) can0 612#F12130F3392D5000
(1708736733.475423) can0 612#F122004F00FFFFFF
(1708736733.510537) can0 6F1#120221F000000000
(1708736733.524617) can0 612#F1100E61F000464F
(1708736733.525259) can0 6F1#1230000000000000
(1708736733.525516) can0 612#F12130F3392D5000
(1708736733.525765) can0 612#F122004F00FFFFFF
(1708736733.552413) can0 130#45FFFDFFFF
(1708736733.560882) can0 6F1#120221F000000000
(1708736733.574275) can0 612#F1100E61F000464F
(1708736733.574921) can0 6F1#1230000000000000
(1708736733.575180) can0 612#F12130F339255000
(1708736733.575423) can0 612#F122004F00FFFFFF
(1708736733.610567) can0 6F1#120221F000000000
(1708736733.624584) can0 612#F1100E61F000464F
(1708736733.625249) can0 6F1#1230000000000000
(1708736733.625495) can0 612#F12130F3392D5000
(1708736733.625739) can0 612#F122004F00FFFFFF
(1708736733.652456) can0 130#45FFFDFFFF
(1708736733.659879) can0 6F1#120221F000000000
(1708736733.674265) can0 612#F1100E61F000464F
(1708736733.674889) can0 6F1#1230000000000000
(1708736733.675176) can0 612#F12130F3392D5000
(1708736733.675477) can0 612#F122004F00FFFFFF
(1708736733.709575) can0 6F1#120221F000000000
(1708736733.724744) can0 612#F1100E61F000464E
(1708736733.725384) can0 6F1#1230000000000000
(1708736733.725667) can0 612#F12130F3392D5000
(1708736733.725950) can0 612#F122004E00FFFFFF
(1708736733.752408) can0 130#45FFFDFFFF
(1708736733.759780) can0 6F1#120221F000000000
(1708736733.774283) can0 612#F1100E61F000464E
(1708736733.774898) can0 6F1#1230000000000000
(1708736733.775181) can0 612#F12130F3392D5000
(1708736733.775484) can0 612#F122004E00FFFFFF
(1708736733.809780) can0 6F1#120221F000000000
(1708736733.824602) can0 612#F1100E61F000464F
(1708736733.825247) can0 6F1#1230000000000000
(1708736733.825493) can0 612#F12130F3392D5000
(1708736733.825742) can0 612#F122004F00FFFFFF
(1708736733.852462) can0 130#45FFFDFFFF
(1708736733.859781) can0 6F1#120221F000000000
(1708736733.874291) can0 612#F1100E61F000464F
(1708736733.874916) can0 6F1#1230000000000000
(1708736733.875201) can0 612#F12130F339255000
(1708736733.875518) can0 612#F122004F00FFFFFF
(1708736733.908787) can0 6F1#120221F000000000
(1708736733.924615) can0 612#F1100E61F000464F
(1708736733.925266) can0 6F1#1230000000000000
(1708736733.925547) can0 612#F12130F3392D5000
(1708736733.925826) can0 612#F122004F00FFFFFF
(1708736733.952395) can0 130#45FFFDFFFF
(1708736733.959665) can0 6F1#120221F000000000
(1708736733.974269) can0 612#F1100E61F000464F
(1708736733.974924) can0 6F1#1230000000000000
(1708736733.975171) can0 612#F12130F3392D5000
(1708736733.975419) can0 612#F122004F00FFFFFF
(1708736734.009677) can0 6F1#120221F000000000
(1708736734.024583) can0 612#F1100E61F000464F
(1708736734.025222) can0 6F1#1230000000000000
(1708736734.025517) can0 612#F12130F3392D5000
(1708736734.025774) can0 612#F122004F00FFFFFF
(1708736734.052447) can0 130#45FFFDFFFF
(1708736734.059244) can0 6F1#120221F000000000
(1708736734.074285) can0 612#F1100E61F000464F
(1708736734.074931) can0 6F1#1230000000000000
(1708736734.075176) can0 612#F12130F3392D5000
(1708736734.075423) can0 612#F122004F00FFFFFF
(1708736734.108914) can0 6F1#120221F000000000
(1708736734.124585) can0 612#F1100E61F000464F
(1708736734.125235) can0 6F1#1230000000000000
(1708736734.125516) can0 612#F12130F3392D5000
(1708736734.125788) can0 612#F122004F00FFFFFF
(1708736734.152427) can0 130#45FFFDFFFF
(1708736734.159124) can0 6F1#120221F000000000
(1708736734.174293) can0 612#F1100E61F000464F
(1708736734.174944) can0 6F1#1230000000000000
(1708736734.175242) can0 612#F12130F3392D5000
(1708736734.175536) can0 612#F122004F00FFFFFF
(1708736734.209343) can0 6F1#120221F000000000
(1708736734.224613) can0 612#F1100E61F000464F
(1708736734.225266) can0 6F1#1230000000000000
(1708736734.225512) can0 612#F12130F3392D5000
(1708736734.225771) can0 612#F122004F00FFFFFF
(1708736734.252437) can0 130#45FFFDFFFF
(1708736734.258131) can0 6F1#120221F000000000
(1708736734.274284) can0 612#F1100E61F000464F
(1708736734.274935) can0 6F1#1230000000000000
(1708736734.275193) can0 612#F12130F3392D5000
(1708736734.275441) can0 612#F122004F00FFFFFF
(1708736734.308607) can0 6F1#120221F000000000
(1708736734.324647) can0 612#F1100E61F000464F
(1708736734.325293) can0 6F1#1230000000000000
(1708736734.325540) can0 612#F12130F3392D5000
(1708736734.325780) can0 612#F122004F00FFFFFF
(1708736734.352400) can0 130#45FFFDFFFF
(1708736734.359082) can0 6F1#120221F000000000
(1708736734.374553) can0 612#F1100E61F000464F
(1708736734.375198) can0 6F1#1230000000000000
(1708736734.375458) can0 612#F12130F3392D5000
(1708736734.375716) can0 612#F122004F00FFFFFF
(1708736734.407905) can0 6F1#120221F000000000
(1708736734.424612) can0 612#F1100E61F000464E
(1708736734.425247) can0 6F1#1230000000000000
(1708736734.425537) can0 612#F12130F339255000
(1708736734.425816) can0 612#F122004E00FFFFFF
(1708736734.452459) can0 130#45FFFDFFFF
(1708736734.458401) can0 6F1#120221F000000000
(1708736734.474309) can0 612#F1100E61F000464E
(1708736734.474954) can0 6F1#1230000000000000
(1708736734.475212) can0 612#F12130F3392D5000
(1708736734.475461) can0 612#F122004E00FFFFFF
(1708736734.507647) can0 6F1#120221F000000000
(1708736734.524645) can0 612#F1100E61F000464F
(1708736734.525296) can0 6F1#1230000000000000
(1708736734.525542) can0 612#F12130F3392D5000
(1708736734.525783) can0 612#F122004F00FFFFFF
(1708736734.552447) can0 130#45FFFDFFFF
(1708736734.557352) can0 6F1#120221F000000000
(1708736734.574285) can0 612#F1100E61F000464F
(1708736734.574936) can0 6F1#1230000000000000
(1708736734.575180) can0 612#F12130F3392D5000
(1708736734.575427) can0 612#F122004F00FFFFFF
(1708736734.608136) can0 6F1#120221F000000000
(1708736734.624622) can0 612#F1100E61F000464F
(1708736734.625267) can0 6F1#1230000000000000
(1708736734.625526) can0 612#F12130F3392D5000
(1708736734.625776) can0 612#F122004F00FFFFFF
(1708736734.652485) can0 130#45FFFDFFFF
(1708736734.657843) can0 6F1#120221F000000000
(1708736734.674307) can0 612#F1100E61F000464F
(1708736734.674960) can0 6F1#1230000000000000
(1708736734.675211) can0 612#F12130F339255000
(1708736734.675459) can0 612#F122004F00FFFFFF
(1708736734.708159) can0 6F1#120221F000000000
(1708736734.724599) can0 612#F1100E61F000464F
(1708736734.725246) can0 6F1#1230000000000000
(1708736734.725528) can0 612#F12130F3392D5000
(1708736734.725803) can0 612#F122004F00FFFFFF
(1708736734.757520) can0 6F1#120221F000000000
(1708736734.762409) can0 130#45FFFDFFFF
(1708736734.774312) can0 612#F1100E61F000464F
(1708736734.774959) can0 6F1#1230000000000000
(1708736734.775209) can0 612#F12130F3392D5000
(1708736734.775455) can0 612#F122004F00FFFFFF
(1708736734.808262) can0 6F1#120221F000000000
(1708736734.824649) can0 612#F1100E61F000464E
(1708736734.825298) can0 6F1#1230000000000000
(1708736734.825580) can0 612#F12130F3392D5000
(1708736734.825863) can0 612#F122004E00FFFFFF
(1708736734.852455) can0 130#45FFFDFFFF
(1708736734.856642) can0 6F1#120221F000000000
(1708736734.874296) can0 612#F1100E61F000464E
(1708736734.874937) can0 6F1#1230000000000000
(1708736734.875192) can0 612#F12130F3392D5000
(1708736734.875438) can0 612#F122004E00FFFFFF
(1708736734.907819) can0 6F1#120221F000000000
(1708736734.924654) can0 612#F1100E61F000464E
(1708736734.925291) can0 6F1#1230000000000000
(1708736734.925537) can0 612#F12130F3392D5000
(1708736734.925777) can0 612#F122004E00FFFFFF
(1708736734.952442) can0 130#45FFFDFFFF
(1708736734.957928) can0 6F1#120221F000000000
(1708736734.974313) can0 612#F1100E61F000464E
(1708736734.974953) can0 6F1#1230000000000000
(1708736734.975210) can0 612#F12130F3392D5000
(1708736734.975471) can0 612#F122004E00FFFFFF
(1708736735.006920) can0 6F1#120221F000000000
(1708736735.024612) can0 612#F1100E61F000464F
(1708736735.025252) can0 6F1#1230000000000000
(1708736735.025513) can0 612#F12130F3392D5000
(1708736735.025755) can0 612#F122004F00FFFFFF
(1708736735.052465) can0 130#45FFFDFFFF
(1708736735.056794) can0 6F1#120221F000000000
(1708736735.074300) can0 612#F1100E61F000464F
(1708736735.074961) can0 6F1#1230000000000000
(1708736735.075258) can0 612#F12130F339255000
(1708736735.075502) can0 612#F122004F00FFFFFF
(1708736735.107387) can0 6F1#120221F000000000
(1708736735.124674) can0 612#F1100E61F000464F
(1708736735.125317) can0 6F1#1230000000000000
(1708736735.125563) can0 612#F12130F3392D5000
(1708736735.125803) can0 612#F122004F00FFFFFF
(1708736735.152466) can0 130#45FFFDFFFF
(1708736735.156286) can0 6F1#120221F000000000
(1708736735.174296) can0 612#F1100E61F000464F
(1708736735.174943) can0 6F1#1230000000000000
(1708736735.175204) can0 612#F12130F339255000
(1708736735.175451) can0 612#F122004F00FFFFFF
(1708736735.206553) can0 6F1#120221F000000000
(1708736735.224640) can0 612#F1100E61F000464F
(1708736735.225298) can0 6F1#1230000000000000
(1708736735.225593) can0 612#F12130F3392D5000
(1708736735.225840) can0 612#F122004F00FFFFFF
(1708736735.252467) can0 130#45FFFDFFFF
(1708736735.256273) can0 6F1#120221F000000000
(1708736735.274315) can0 612#F1100E61F000464F
(1708736735.274959) can0 6F1#1230000000000000
(1708736735.275220) can0 612#F12130F3392D5000
(1708736735.275477) can0 612#F122004F00FFFFFF
(1708736735.305797) can0 6F1#120221F000000000
(1708736735.324662) can0 612#F1100E61F000464F
(1708736735.325312) can0 6F1#1230000000000000
(1708736735.325596) can0 612#F12130F3392D5000
(1708736735.325883) can0 612#F122004F00FFFFFF
(1708736735.352466) can0 130#45FFFDFFFF
(1708736735.356561) can0 6F1#120221F000000000
(1708736735.374328) can0 612#F1100E61F000464F
(1708736735.374978) can0 6F1#1230000000000000
(1708736735.375223) can0 612#F12130F3392D5000
(1708736735.375467) can0 612#F122004F00FFFFFF
(1708736735.452500) can0 130#45FFFDFFFF
(1708736735.552435) can0 130#45FFFDFFFF
(1708736735.652458) can0 130#45FFFDFFFF
(1708736735.652787) can0 6F1#120221F000000000
(1708736735.664636) can0 612#F1100E61F000464F
(1708736735.665294) can0 6F1#1230000000000000
(1708736735.665587) can0 612#F12130F339255000
(1708736735.665832) can0 612#F122004F00FFFFFF
(1708736735.704917) can0 6F1#120221F000000000
(1708736735.714309) can0 612#F1100E61F000464E
(1708736735.714951) can0 6F1#1230000000000000
(1708736735.715211) can0 612#F12130F3392D5000
(1708736735.715458) can0 612#F122004E00FFFFFF
(1708736735.752463) can0 130#45FFFDFFFF
(1708736735.755535) can0 6F1#120221F000000000
(1708736735.774320) can0 612#F1100E61F000464E
(1708736735.774965) can0 6F1#1230000000000000
(1708736735.775260) can0 612#F12130F3392D5000
(1708736735.775505) can0 612#F122004E00FFFFFF
(1708736735.805083) can0 6F1#120221F000000000
(1708736735.814315) can0 612#F1100E61F000464F
(1708736735.814955) can0 6F1#1230000000000000
(1708736735.815249) can0 612#F12130F3392D5000
(1708736735.815492) can0 612#F122004F00FFFFFF
(1708736735.852482) can0 130#45FFFDFFFF
(1708736735.855529) can0 6F1#120221F000000000
(1708736735.874302) can0 612#F1100E61F000464F
(1708736735.874964) can0 6F1#1230000000000000
(1708736735.875256) can0 612#F12130F3392D5000
(1708736735.875499) can0 612#F122004F00FFFFFF
(1708736735.905074) can0 6F1#120221F000000000
(1708736735.914335) can0 612#F1100E61F000464E
(1708736735.914977) can0 6F1#1230000000000000
(1708736735.915229) can0 612#F12130F3392D5000
(1708736735.915476) can0 612#F122004E00FFFFFF
(1708736735.952463) can0 130#45FFFDFFFF
(1708736735.955268) can0 6F1#120221F000000000
(1708736735.964661) can0 612#F1100E61F000464E
(1708736735.965360) can0 6F1#1230000000000000
(1708736735.965634) can0 612#F12130F3392D5000
(1708736735.965891) can0 612#F122004E00FFFFFF
(1708736736.004593) can0 6F1#120221F000000000
(1708736736.014308) can0 612#F1100E61F000464F
(1708736736.014991) can0 6F1#1230000000000000
(1708736736.015284) can0 612#F12130F339255000
(1708736736.015529) can0 612#F122004F00FFFFFF
(1708736736.052477) can0 130#45FFFDFFFF
(1708736736.054545) can0 6F1#120221F000000000
(1708736736.064651) can0 612#F1100E61F000464F
(1708736736.065310) can0 6F1#1230000000000000
(1708736736.065604) can0 612#F12130F3391A5000
(1708736736.065858) can0 612#F122004F00FFFFFF
(1708736736.105197) can0 6F1#120221F000000000
(1708736736.114300) can0 612#F1100E61F000464E
(1708736736.114963) can0 6F1#1230000000000000
(1708736736.115256) can0 612#F12130F3392D5000
(1708736736.115506) can0 612#F122004E00FFFFFF
(1708736736.152489) can0 130#45FFFDFFFF
(1708736736.154128) can0 6F1#120221F000000000
(1708736736.164659) can0 612#F1100E61F000464E
(1708736736.165318) can0 6F1#1230000000000000
(1708736736.165627) can0 612#F12130F3392D5000
(1708736736.165869) can0 612#F122004E00FFFFFF
(1708736736.204220) can0 6F1#120221F000000000
(1708736736.214597) can0 612#F1100E61F000464F
(1708736736.215237) can0 6F1#1230000000000000
(1708736736.215496) can0 612#F12130F3392D5000
(1708736736.215742) can0 612#F122004F00FFFFFF
(1708736736.252496) can0 130#45FFFDFFFF
(1708736736.254408) can0 6F1#120221F000000000
(1708736736.274327) can0 612#F1100E61F000464F
(1708736736.274976) can0 6F1#1230000000000000
(1708736736.275269) can0 612#F12130F3392D5000
(1708736736.275518) can0 612#F122004F00FFFFFF
(1708736736.304393) can0 6F1#120221F000000000
(1708736736.324671) can0 612#F1100E61F000464F
(1708736736.325322) can0 6F1#1230000000000000
(1708736736.325571) can0 612#F12130F3392D5000
(1708736736.325819) can0 612#F122004F00FFFFFF
(1708736736.352519) can0 130#45FFFDFFFF
(1708736736.353653) can0 6F1#120221F000000000
(1708736736.364693) can0 612#F1100E61F000464F
(1708736736.365356) can0 6F1#1230000000000000
(1708736736.365635) can0 612#F12130F3392D5000
(1708736736.365914) can0 612#F122004F00FFFFFF
(1708736736.403502) can0 6F1#120221F000000000
(1708736736.414349) can0 612#F1100E61F000464F
(1708736736.414990) can0 6F1#1230000000000000
(1708736736.415249) can0 612#F12130F3392D5000
(1708736736.415492) can0 612#F122004F00FFFFFF
(1708736736.452530) can0 130#45FFFDFFFF
(1708736736.452965) can0 6F1#120221F000000000
(1708736736.464641) can0 612#F1100E61F000464F
(1708736736.465309) can0 6F1#1230000000000000
(1708736736.465602) can0 612#F12130F3392D5000
(1708736736.465847) can0 612#F122004F00FFFFFF
(1708736736.503515) can0 6F1#120221F000000000
(1708736736.514346) can0 612#F1100E61F000464F
(1708736736.514996) can0 6F1#1230000000000000
(1708736736.515243) can0 612#F12130F3392D5000
(1708736736.515491) can0 612#F122004F00FFFFFF
(1708736736.552488) can0 130#45FFFDFFFF
(1708736736.553802) can0 6F1#120221F000000000
(1708736736.574333) can0 612#F1100E61F000464F
(1708736736.575033) can0 6F1#1230000000000000
(1708736736.575328) can0 612#F12130F3392D5000
(1708736736.575583) can0 612#F122004F00FFFFFF
(1708736736.603197) can0 6F1#120221F000000000
(1708736736.614320) can0 612#F1100E61F000464F
(1708736736.614960) can0 6F1#1230000000000000
(1708736736.615270) can0 612#F12130F3392D5000
(1708736736.615524) can0 612#F122004F00FFFFFF
(1708736736.652496) can0 130#45FFFDFFFF
(1708736736.653055) can0 6F1#120221F000000000
(1708736736.664643) can0 612#F1100E61F000464F
(1708736736.665314) can0 6F1#1230000000000000
(1708736736.665578) can0 612#F12130F3392D5000
(1708736736.665820) can0 612#F122004F00FFFFFF
(1708736736.703267) can0 6F1#120221F000000000
(1708736736.714295) can0 612#F1100E61F000464F
(1708736736.714926) can0 6F1#1230000000000000
(1708736736.715184) can0 612#F12130F3392D5000
(1708736736.715428) can0 612#F122004F00FFFFFF
(1708736736.752916) can0 6F1#120221F000000000
(1708736736.762434) can0 130#45FFFDFFFF
(1708736736.764698) can0 612#F1100E61F000464F
(1708736736.765351) can0 6F1#1230000000000000
(1708736736.765661) can0 612#F12130F3392D5000
(1708736736.765908) can0 612#F122004F00FFFFFF
(1708736736.803260) can0 6F1#120221F000000000
(1708736736.814360) can0 612#F1100E61F000464F
(1708736736.815002) can0 6F1#1230000000000000
(1708736736.815276) can0 612#F12130F339255000
(1708736736.815536) can0 612#F122004F00FFFFFF
(1708736736.852520) can0 130#45FFFDFFFF
(1708736736.853988) can0 6F1#120221F000000000
(1708736736.874352) can0 612#F1100E61F000464F
(1708736736.874995) can0 6F1#1230000000000000
(1708736736.875302) can0 612#F12130F3392D5000
(1708736736.875549) can0 612#F122004F00FFFFFF
(1708736736.902641) can0 6F1#120221F000000000
(1708736736.914306) can0 612#F1100E61F000464F
(1708736736.914955) can0 6F1#1230000000000000
(1708736736.915265) can0 612#F12130F3392D5000
(1708736736.915510) can0 612#F122004F00FFFFFF
(1708736736.952492) can0 130#45FFFDFFFF
(1708736736.953016) can0 6F1#120221F000000000
(1708736736.964712) can0 612#F1100E61F000464F
(1708736736.965372) can0 6F1#1230000000000000
(1708736736.965683) can0 612#F12130F3392D5000
(1708736736.965929) can0 612#F122004F00FFFFFF
(1708736737.002492) can0 6F1#120221F000000000
(1708736737.014353) can0 612#F1100E61F000464F
(1708736737.014994) can0 6F1#1230000000000000
(1708736737.015291) can0 612#F12130F3392D5000
(1708736737.015539) can0 612#F122004F00FFFFFF
(1708736737.052375) can0 6F1#120221F000000000
(1708736737.052662) can0 130#45FFFDFFFF
(1708736737.064680) can0 612#F1100E61F000464F
(1708736737.065356) can0 6F1#1230000000000000
(1708736737.065620) can0 612#F12130F3392D5000
(1708736737.065870) can0 612#F122004F00FFFFFF
(1708736737.102313) can0 6F1#120221F000000000
(1708736737.114370) can0 612#F1100E61F000464E
(1708736737.115012) can0 6F1#1230000000000000
(1708736737.115307) can0 612#F12130F3392D5000
(1708736737.115553) can0 612#F122004E00FFFFFF
(1708736737.152295) can0 6F1#120221F000000000
(1708736737.152585) can0 130#45FFFDFFFF
(1708736737.164714) can0 612#F1100E61F000464E
(1708736737.165377) can0 6F1#1230000000000000
(1708736737.165688) can0 612#F12130F3392D5000
(1708736737.165934) can0 612#F122004E00FFFFFF
(1708736737.201835) can0 6F1#120221F000000000
(1708736737.214343) can0 612#F1100E61F000464E
(1708736737.214985) can0 6F1#1230000000000000
(1708736737.215281) can0 612#F12130F3392D5000
(1708736737.215524) can0 612#F122004E00FFFFFF
(1708736737.252551) can0 6F1#120221F000000000
(1708736737.252838) can0 130#45FFFDFFFF
(1708736737.264659) can0 612#F1100E61F000464E
(1708736737.265358) can0 6F1#1230000000000000
(1708736737.265624) can0 612#F12130F3392D5000
(1708736737.265875) can0 612#F122004E00FFFFFF
(1708736737.301152) can0 6F1#120221F000000000
(1708736737.314368) can0 612#F1100E61F000464F
(1708736737.315012) can0 6F1#1230000000000000
(1708736737.315306) can0 612#F12130F3392D5000
(1708736737.315552) can0 612#F122004F00FFFFFF
(1708736737.351642) can0 6F1#120221F000000000
(1708736737.352480) can0 130#45FFFDFFFF
(1708736737.364720) can0 612#F1100E61F000464F
(1708736737.365380) can0 6F1#1230000000000000
(1708736737.365675) can0 612#F12130F339255000
(1708736737.365923) can0 612#F122004F00FFFFFF
(1708736737.401228) can0 6F1#120221F000000000
(1708736737.414384) can0 612#F1100E61F000464E
(1708736737.415024) can0 6F1#1230000000000000
(1708736737.415322) can0 612#F12130F3392D5000
(1708736737.415566) can0 612#F122004E00FFFFFF
(1708736737.451552) can0 6F1#120221F000000000
(1708736737.452915) can0 130#45FFFDFFFF
(1708736737.464708) can0 612#F1100E61F000464E
(1708736737.465403) can0 6F1#1230000000000000
(1708736737.465707) can0 612#F12130F3392D5000
(1708736737.465954) can0 612#F122004E00FFFFFF
(1708736737.501623) can0 6F1#120221F000000000
(1708736737.514355) can0 612#F1100E61F000464F
(1708736737.514996) can0 6F1#1230000000000000
(1708736737.515251) can0 612#F12130F3392D5000
(1708736737.515497) can0 612#F122004F00FFFFFF
(1708736737.551134) can0 6F1#120221F000000000
(1708736737.552783) can0 130#45FFFDFFFF
(1708736737.564726) can0 612#F1100E61F000464F
(1708736737.565405) can0 6F1#1230000000000000
(1708736737.565703) can0 612#F12130F3392D5000
(1708736737.565952) can0 612#F122004F00FFFFFF
(1708736737.601171) can0 6F1#120221F000000000
(1708736737.614366) can0 612#F1100E61F000464F
(1708736737.615013) can0 6F1#1230000000000000
(1708736737.615274) can0 612#F12130F3392D5000
(1708736737.615519) can0 612#F122004F00FFFFFF
(1708736737.651101) can0 6F1#120221F000000000
(1708736737.652603) can0 130#45FFFDFFFF
(1708736737.664670) can0 612#F1100E61F000464F
(1708736737.665332) can0 6F1#1230000000000000
(1708736737.665627) can0 612#F12130F3392D5000
(1708736737.665908) can0 612#F122004F00FFFFFF
(1708736737.700685) can0 6F1#120221F000000000
(1708736737.714386) can0 612#F1100E61F000464F
(1708736737.715029) can0 6F1#1230000000000000
(1708736737.715287) can0 612#F12130F339225000
(1708736737.715531) can0 612#F122004F00FFFFFF
(1708736737.750838) can0 6F1#120221F000000000
(1708736737.752778) can0 130#45FFFDFFFF
(1708736737.764709) can0 612#F1100E61F000464F
(1708736737.765387) can0 6F1#1230000000000000
(1708736737.765680) can0 612#F12130F3392D5000
(1708736737.765926) can0 612#F122004F00FFFFFF
(1708736737.800719) can0 6F1#120221F000000000
(1708736737.814363) can0 612#F1100E61F000464F
(1708736737.815022) can0 6F1#1230000000000000
(1708736737.815270) can0 612#F12130F3392D5000
(1708736737.815518) can0 612#F122004F00FFFFFF
(1708736737.850087) can0 6F1#120221F000000000
(1708736737.852584) can0 130#45FFFDFFFF
(1708736737.864718) can0 612#F1100E61F000464F
(1708736737.865357) can0 6F1#1230000000000000
(1708736737.865648) can0 612#F12130F3392D5000
(1708736737.865927) can0 612#F122004F00FFFFFF
(1708736737.900679) can0 6F1#120221F000000000
(1708736737.914381) can0 612#F1100E61F000464F
(1708736737.915027) can0 6F1#1230000000000000
(1708736737.915285) can0 612#F12130F339225000
(1708736737.915528) can0 612#F122004F00FFFFFF
(1708736737.950075) can0 6F1#120221F000000000
(1708736737.952634) can0 130#45FFFDFFFF
(1708736737.964744) can0 612#F1100E61F000464F
(1708736737.965383) can0 6F1#1230000000000000
(1708736737.965680) can0 612#F12130F3392D5000
(1708736737.965924) can0 612#F122004F00FFFFFF
(1708736738.000062) can0 6F1#120221F000000000
(1708736738.014358) can0 612#F1100E61F000464F
(1708736738.015024) can0 6F1#1230000000000000
(1708736738.015321) can0 612#F12130F3392D5000
(1708736738.015563) can0 612#F122004F00FFFFFF
(1708736738.050420) can0 6F1#120221F000000000
(1708736738.052585) can0 130#45FFFDFFFF
(1708736738.064725) can0 612#F1100E61F000464F
(1708736738.065373) can0 6F1#1230000000000000
(1708736738.065655) can0 612#F12130F3392D5000
(1708736738.065939) can0 612#F122004F00FFFFFF
(1708736738.100031) can0 6F1#120221F000000000
(1708736738.114374) can0 612#F1100E61F000464F
(1708736738.115023) can0 6F1#1230000000000000
(1708736738.115268) can0 612#F12130F3392D5000
(1708736738.115515) can0 612#F122004F00FFFFFF
(1708736738.150888) can0 6F1#120221F000000000
(1708736738.152564) can0 130#45FFFDFFFF
(1708736738.164766) can0 612#F1100E61F000464F
(1708736738.165425) can0 6F1#1230000000000000
(1708736738.165671) can0 612#F12130F3392D5000
(1708736738.165917) can0 612#F122004F00FFFFFF
(1708736738.199286) can0 6F1#120221F000000000
(1708736738.214384) can0 612#F1100E61F000464F
(1708736738.215028) can0 6F1#1230000000000000
(1708736738.215290) can0 612#F12130F3392D5000
(1708736738.215536) can0 612#F122004F00FFFFFF
(1708736738.249943) can0 6F1#120221F000000000
(1708736738.252614) can0 130#45FFFDFFFF
(1708736738.264727) can0 612#F1100E61F000464F
(1708736738.265375) can0 6F1#1230000000000000
(1708736738.265654) can0 612#F12130F3392D5000
(1708736738.265935) can0 612#F122004F00FFFFFF
(1708736738.299991) can0 6F1#120221F000000000
(1708736738.314395) can0 612#F1100E61F000464E
(1708736738.315046) can0 6F1#1230000000000000
(1708736738.315343) can0 612#F12130F3392D5000
(1708736738.315624) can0 612#F122004E00FFFFFF
(1708736738.349107) can0 6F1#120221F000000000
(1708736738.352499) can0 130#45FFFDFFFF
(1708736738.364789) can0 612#F1100E61F000464E
(1708736738.365434) can0 6F1#1230000000000000
(1708736738.365695) can0 612#F12130F3392D5000
(1708736738.365941) can0 612#F122004E00FFFFFF
(1708736738.398950) can0 6F1#120221F000000000
(1708736738.414394) can0 612#F1100E61F000464F
(1708736738.415045) can0 6F1#1230000000000000
(1708736738.415305) can0 612#F12130F3392D5000
(1708736738.415554) can0 612#F122004F00FFFFFF
(1708736738.448920) can0 6F1#120221F000000000
(1708736738.452525) can0 130#45FFFDFFFF
(1708736738.464755) can0 612#F1100E61F000464F
(1708736738.465407) can0 6F1#1230000000000000
(1708736738.465657) can0 612#F12130F339255000
(1708736738.465903) can0 612#F122004F00FFFFFF
(1708736738.498986) can0 6F1#120221F000000000
(1708736738.514611) can0 612#F1100E61F000464F
(1708736738.515277) can0 6F1#1230000000000000
(1708736738.515576) can0 612#F12130F3392D5000
(1708736738.515871) can0 612#F122004F00FFFFFF
(1708736738.548899) can0 6F1#120221F000000000
(1708736738.552544) can0 130#45FFFDFFFF
(1708736738.564761) can0 612#F1100E61F000464F
(1708736738.565413) can0 6F1#1230000000000000
(1708736738.565677) can0 612#F12130F3392D5000
(1708736738.565928) can0 612#F122004F00FFFFFF
(1708736738.599171) can0 6F1#120221F000000000
(1708736738.614401) can0 612#F1100E61F000464E
(1708736738.615050) can0 6F1#1230000000000000
(1708736738.615310) can0 612#F12130F3392D5000
(1708736738.615563) can0 612#F122004E00FFFFFF
(1708736738.649012) can0 6F1#120221F000000000
(1708736738.652526) can0 130#45FFFDFFFF
(1708736738.664741) can0 612#F1100E61F000464E
(1708736738.665381) can0 6F1#1230000000000000
(1708736738.665677) can0 612#F12130F3392D5000
(1708736738.665924) can0 612#F122004E00FFFFFF
(1708736738.698551) can0 6F1#120221F000000000
(1708736738.714388) can0 612#F1100E61F000464F
(1708736738.715034) can0 6F1#1230000000000000
(1708736738.715296) can0 612#F12130F3392D5000
(1708736738.715542) can0 612#F122004F00FFFFFF
(1708736738.748721) can0 6F1#120221F000000000
(1708736738.762484) can0 130#45FFFDFFFF
(1708736738.764877) can0 612#F1100E61F000464F
(1708736738.765370) can0 6F1#1230000000000000
(1708736738.765666) can0 612#F12130F3392D5000
(1708736738.765948) can0 612#F122004F00FFFFFF
(1708736738.798070) can0 6F1#120221F000000000
(1708736738.814399) can0 612#F1100E61F000464F
(1708736738.815052) can0 6F1#1230000000000000
(1708736738.815296) can0 612#F12130F3392D5000
(1708736738.815543) can0 612#F122004F00FFFFFF
(1708736738.848380) can0 6F1#120221F000000000
(1708736738.852554) can0 130#45FFFDFFFF
(1708736738.864735) can0 612#F1100E61F000464F
(1708736738.865380) can0 6F1#1230000000000000
(1708736738.865636) can0 612#F12130F3392D5000
(1708736738.865882) can0 612#F122004F00FFFFFF
(1708736738.898838) can0 6F1#120221F000000000
(1708736738.914416) can0 612#F1100E61F000464F
(1708736738.915070) can0 6F1#1230000000000000
(1708736738.915335) can0 612#F12130F3392D5000
(1708736738.915589) can0 612#F122004F00FFFFFF
(1708736738.948109) can0 6F1#120221F000000000
(1708736738.952530) can0 130#45FFFDFFFF
(1708736738.964789) can0 612#F1100E61F000464F
(1708736738.965434) can0 6F1#1230000000000000
(1708736738.965682) can0 612#F12130F3392D5000
(1708736738.965926) can0 612#F122004F00FFFFFF
(1708736738.997672) can0 6F1#120221F000000000
(1708736739.014398) can0 612#F1100E61F000464F
(1708736739.015040) can0 6F1#1230000000000000
(1708736739.015300) can0 612#F12130F3392D5000
(1708736739.015545) can0 612#F122004F00FFFFFF
(1708736739.047514) can0 6F1#120221F000000000
(1708736739.052553) can0 130#45FFFDFFFF
(1708736739.064765) can0 612#F1100E61F000464F
(1708736739.065404) can0 6F1#1230000000000000
(1708736739.065702) can0 612#F12130F3392D5000
(1708736739.065949) can0 612#F122004F00FFFFFF
(1708736739.097681) can0 6F1#120221F000000000
(1708736739.114400) can0 612#F1100E61F000464F
(1708736739.115043) can0 6F1#1230000000000000
(1708736739.115301) can0 612#F12130F3392D5000
(1708736739.115548) can0 612#F122004F00FFFFFF
(1708736739.147937) can0 6F1#120221F000000000
(1708736739.152541) can0 130#45FFFDFFFF
(1708736739.164757) can0 612#F1100E61F000464F
(1708736739.165396) can0 6F1#1230000000000000
(1708736739.165680) can0 612#F12130F3392D5000
(1708736739.165956) can0 612#F122004F00FFFFFF
(1708736739.197311) can0 6F1#120221F000000000
(1708736739.214417) can0 612#F1100E61F000464F
(1708736739.215059) can0 6F1#1230000000000000
(1708736739.215320) can0 612#F12130F3392D5000
(1708736739.215565) can0 612#F122004F00FFFFFF
(1708736739.246887) can0 6F1#120221F000000000
(1708736739.252547) can0 130#45FFFDFFFF
(1708736739.264761) can0 612#F1100E61F000464F
(1708736739.265402) can0 6F1#1230000000000000
(1708736739.265697) can0 612#F12130F3392D5000
(1708736739.265947) can0 612#F122004F00FFFFFF
(1708736739.297889) can0 6F1#120221F000000000
(1708736739.314368) can0 612#F1100E61F000464F
(1708736739.315043) can0 6F1#1230000000000000
(1708736739.315289) can0 612#F12130F3392D5000
(1708736739.315535) can0 612#F122004F00FFFFFF
(1708736739.346956) can0 6F1#120221F000000000
(1708736739.352533) can0 130#45FFFDFFFF
(1708736739.364776) can0 612#F1100E61F000464F
(1708736739.365439) can0 6F1#1230000000000000
(1708736739.365722) can0 612#F12130F3392D5000
(1708736739.365997) can0 612#F122004F00FFFFFF
(1708736739.396934) can0 6F1#120221F000000000
(1708736739.414420) can0 612#F1100E61F000464E
(1708736739.415059) can0 6F1#1230000000000000
(1708736739.415317) can0 612#F12130F3392D5000
(1708736739.415560) can0 612#F122004E00FFFFFF
(1708736739.446442) can0 6F1#120221F000000000
(1708736739.452570) can0 130#45FFFDFFFF
(1708736739.464752) can0 612#F1100E61F000464E
(1708736739.465392) can0 6F1#1230000000000000
(1708736739.465687) can0 612#F12130F3392D5000
(1708736739.465934) can0 612#F122004E00FFFFFF
(1708736739.497277) can0 6F1#120221F000000000
(1708736739.514422) can0 612#F1100E61F000464F
(1708736739.515066) can0 6F1#1230000000000000
(1708736739.515326) can0 612#F12130F339255000
(1708736739.515575) can0 612#F122004F00FFFFFF
(1708736739.546456) can0 6F1#120221F000000000
(1708736739.552500) can0 130#45FFFDFFFF
(1708736739.564808) can0 612#F1100E61F000464F
(1708736739.565451) can0 6F1#1230000000000000
(1708736739.565696) can0 612#F12130F3392D5000
(1708736739.565937) can0 612#F122004F00FFFFFF
(1708736739.596849) can0 6F1#120221F000000000
(1708736739.614420) can0 612#F1100E61F000464F
(1708736739.615062) can0 6F1#1230000000000000
(1708736739.615357) can0 612#F12130F3392D5000
(1708736739.615604) can0 612#F122004F00FFFFFF
(1708736739.647243) can0 6F1#120221F000000000
(1708736739.652561) can0 130#45FFFDFFFF
(1708736739.664785) can0 612#F1100E61F000464F
(1708736739.665432) can0 6F1#1230000000000000
(1708736739.665677) can0 612#F12130F3392D5000
(1708736739.665924) can0 612#F122004F00FFFFFF
(1708736739.695843) can0 6F1#120221F000000000
(1708736739.714415) can0 612#F1100E61F000464F
(1708736739.715065) can0 6F1#1230000000000000
(1708736739.715312) can0 612#F12130F3392D5000
(1708736739.715559) can0 612#F122004F00FFFFFF
(1708736739.745687) can0 6F1#120221F000000000
(1708736739.752540) can0 130#45FFFDFFFF
(1708736739.764755) can0 612#F1100E61F000464F
(1708736739.765406) can0 6F1#1230000000000000
(1708736739.765688) can0 612#F12130F3392D5000
(1708736739.765965) can0 612#F122004F00FFFFFF
(1708736739.796023) can0 6F1#120221F000000000
(1708736739.814408) can0 612#F1100E61F000464F
(1708736739.815068) can0 6F1#1230000000000000
(1708736739.815362) can0 612#F12130F3392D5000
(1708736739.815607) can0 612#F122004F00FFFFFF
(1708736739.845631) can0 6F1#120221F000000000
(1708736739.852599) can0 130#45FFFDFFFF
(1708736739.864778) can0 612#F1100E61F000464F
(1708736739.865412) can0 6F1#1230000000000000
(1708736739.865708) can0 612#F12130F3392D5000
(1708736739.865955) can0 612#F122004F00FFFFFF
(1708736739.896117) can0 6F1#120221F000000000
(1708736739.914416) can0 612#F1100E61F000464F
(1708736739.915062) can0 6F1#1230000000000000
(1708736739.915310) can0 612#F12130F3392D5000
(1708736739.915559) can0 612#F122004F00FFFFFF
(1708736739.945764) can0 6F1#120221F000000000
(1708736739.952533) can0 130#45FFFDFFFF
(1708736739.964820) can0 612#F1100E61F000464F
(1708736739.965461) can0 6F1#1230000000000000
(1708736739.965744) can0 612#F12130F3392D5000
(1708736739.966020) can0 612#F122004F00FFFFFF
(1708736739.995926) can0 6F1#120221F000000000
(1708736740.014427) can0 612#F1100E61F000464F
(1708736740.015068) can0 6F1#1230000000000000
(1708736740.015327) can0 612#F12130F3392D5000
(1708736740.015574) can0 612#F122004F00FFFFFF
(1708736740.045840) can0 6F1#120221F000000000
(1708736740.052548) can0 130#45FFFDFFFF
(1708736740.064774) can0 612#F1100E61F000464F
(1708736740.065419) can0 6F1#1230000000000000
(1708736740.065667) can0 612#F12130F3392D5000
(1708736740.065913) can0 612#F122004F00FFFFFF
(1708736740.095259) can0 6F1#120221F000000000
(1708736740.114465) can0 612#F1100E61F000464F
(1708736740.115117) can0 6F1#1230000000000000
(1708736740.115364) can0 612#F12130F3392D5000
(1708736740.115610) can0 612#F122004F00FFFFFF
(1708736740.145324) can0 6F1#120221F000000000
(1708736740.152541) can0 130#45FFFDFFFF
(1708736740.164826) can0 612#F1100E61F000464F
(1708736740.165475) can0 6F1#1230000000000000
(1708736740.165723) can0 612#F12130F3392D5000
(1708736740.165964) can0 612#F122004F00FFFFFF
(1708736740.195323) can0 6F1#120221F000000000
(1708736740.214423) can0 612#F1100E61F000464E
(1708736740.215064) can0 6F1#1230000000000000
(1708736740.215321) can0 612#F12130F3392D5000
(1708736740.215566) can0 612#F122004E00FFFFFF
(1708736740.245443) can0 6F1#120221F000000000
(1708736740.252570) can0 130#45FFFDFFFF
(1708736740.264786) can0 612#F1100E61F000464E
(1708736740.265433) can0 6F1#1230000000000000
(1708736740.265717) can0 612#F12130F3392D5000
(1708736740.265996) can0 612#F122004E00FFFFFF
(1708736740.295182) can0 6F1#120221F000000000
(1708736740.314421) can0 612#F1100E61F000464F
(1708736740.315068) can0 6F1#1230000000000000
(1708736740.315351) can0 612#F12130F3392D5000
(1708736740.315631) can0 612#F122004F00FFFFFF
(1708736740.344848) can0 6F1#120221F000000000
(1708736740.352529) can0 130#45FFFDFFFF
(1708736740.364816) can0 612#F1100E61F000464F
(1708736740.365457) can0 6F1#1230000000000000
(1708736740.365738) can0 612#F12130F3392D5000
(1708736740.366015) can0 612#F122004F00FFFFFF
(1708736740.394855) can0 6F1#120221F000000000
(1708736740.414690) can0 612#F1100E61F000464F
(1708736740.415337) can0 6F1#1230000000000000
(1708736740.415583) can0 612#F12130F3392D5000
(1708736740.415827) can0 612#F122004F00FFFFFF
(1708736740.444597) can0 6F1#120221F000000000
(1708736740.452575) can0 130#45FFFDFFFF
(1708736740.464805) can0 612#F1100E61F000464F
(1708736740.465454) can0 6F1#1230000000000000
(1708736740.465705) can0 612#F12130F3392D5000
(1708736740.465951) can0 612#F122004F00FFFFFF
(1708736740.494398) can0 6F1#120221F000000000
(1708736740.514433) can0 612#F1100E61F000464F
(1708736740.515085) can0 6F1#1230000000000000
(1708736740.515336) can0 612#F12130F3392D5000
(1708736740.515586) can0 612#F122004F00FFFFFF
(1708736740.544395) can0 6F1#120221F000000000
(1708736740.552527) can0 130#45FFFDFFFF
(1708736740.564807) can0 612#F1100E61F000464F
(1708736740.565484) can0 6F1#1230000000000000
(1708736740.565730) can0 612#F12130F3392D5000
(1708736740.565972) can0 612#F122004F00FFFFFF
(1708736740.593975) can0 6F1#120221F000000000
(1708736740.614472) can0 612#F1100E61F000464E
(1708736740.615122) can0 6F1#1230000000000000
(1708736740.615406) can0 612#F12130F3392D5000
(1708736740.615687) can0 612#F122004E00FFFFFF
(1708736740.644025) can0 6F1#120221F000000000
(1708736740.652590) can0 130#45FFFDFFFF
(1708736740.664781) can0 612#F1100E61F000464E
(1708736740.665425) can0 6F1#1230000000000000
(1708736740.665707) can0 612#F12130F3392D5000
(1708736740.665989) can0 612#F122004E00FFFFFF
(1708736740.694473) can0 6F1#120221F000000000
(1708736740.714460) can0 612#F1100E61F000464E
(1708736740.715100) can0 6F1#1230000000000000
(1708736740.715358) can0 612#F12130F3392D5000
(1708736740.715604) can0 612#F122004E00FFFFFF
(1708736740.743454) can0 6F1#120221F000000000
(1708736740.754827) can0 612#F1100E61F000464E
(1708736740.755474) can0 6F1#1230000000000000
(1708736740.755722) can0 612#F12130F3392D5000
(1708736740.755965) can0 612#F122004E00FFFFFF
(1708736740.762533) can0 130#45FFFDFFFF
(1708736740.794015) can0 6F1#120221F000000000
(1708736740.814672) can0 612#F1100E61F000464F
(1708736740.815339) can0 6F1#1230000000000000
(1708736740.815584) can0 612#F12130F3392D5000
(1708736740.815828) can0 612#F122004F00FFFFFF
(1708736740.843596) can0 6F1#120221F000000000
(1708736740.852586) can0 130#45FFFDFFFF
(1708736740.864816) can0 612#F1100E61F000464F
(1708736740.865455) can0 6F1#1230000000000000
(1708736740.865715) can0 612#F12130F3392D5000
(1708736740.865962) can0 612#F122004F00FFFFFF
(1708736740.893563) can0 6F1#120221F000000000
(1708736740.914434) can0 612#F1100E61F000464F
(1708736740.915090) can0 6F1#1230000000000000
(1708736740.915382) can0 612#F12130F3392D5000
(1708736740.915630) can0 612#F122004F00FFFFFF
(1708736740.943200) can0 6F1#120221F000000000
(1708736740.952553) can0 130#45FFFDFFFF
(1708736740.954491) can0 612#F1100E61F000464F
(1708736740.955148) can0 6F1#1230000000000000
(1708736740.955430) can0 612#F12130F3392D5000
(1708736740.955712) can0 612#F122004F00FFFFFF
(1708736740.993502) can0 6F1#120221F000000000
(1708736741.014466) can0 612#F1100E61F000464F
(1708736741.015117) can0 6F1#1230000000000000
(1708736741.015413) can0 612#F12130F3392D5000
(1708736741.015657) can0 612#F122004F00FFFFFF
(1708736741.043885) can0 6F1#120221F000000000
(1708736741.052585) can0 130#45FFFDFFFF
(1708736741.064807) can0 612#F1100E61F000464F
(1708736741.065445) can0 6F1#1230000000000000
(1708736741.065741) can0 612#F12130F3392D5000
(1708736741.065987) can0 612#F122004F00FFFFFF
(1708736741.092872) can0 6F1#120221F000000000
(1708736741.104793) can0 612#F1100E61F000464F
(1708736741.105427) can0 6F1#1230000000000000
(1708736741.105719) can0 612#F12130F3392D5000
(1708736741.105999) can0 612#F122004F00FFFFFF
(1708736741.143343) can0 6F1#120221F000000000
(1708736741.152542) can0 130#45FFFDFFFF
(1708736741.154597) can0 612#F1100E61F000464F
(1708736741.155110) can0 6F1#1230000000000000
(1708736741.155396) can0 612#F12130F3392D5000
(1708736741.155676) can0 612#F122004F00FFFFFF
(1708736741.192180) can0 6F1#120221F000000000
(1708736741.204800) can0 612#F1100E61F000464E
(1708736741.205444) can0 6F1#1230000000000000
(1708736741.205737) can0 612#F12130F3392D5000
(1708736741.205985) can0 612#F122004E00FFFFFF
(1708736741.242457) can0 6F1#120221F000000000
(1708736741.252595) can0 130#45FFFDFFFF
(1708736741.254607) can0 612#F1100E61F000464E
(1708736741.255116) can0 6F1#1230000000000000
(1708736741.255405) can0 612#F12130F339255000
(1708736741.255692) can0 612#F122004E00FFFFFF
(1708736741.292383) can0 6F1#120221F000000000
(1708736741.304808) can0 612#F1100E61F000464F
(1708736741.305455) can0 6F1#1230000000000000
(1708736741.305746) can0 612#F12130F3392D5000
(1708736741.305993) can0 612#F122004F00FFFFFF
(1708736741.342940) can0 6F1#120221F000000000
(1708736741.352556) can0 130#45FFFDFFFF
(1708736741.354522) can0 612#F1100E61F000464F
(1708736741.355122) can0 6F1#1230000000000000
(1708736741.355411) can0 612#F12130F3392D5000
(1708736741.355653) can0 612#F122004F00FFFFFF
(1708736741.392264) can0 6F1#120221F000000000
(1708736741.404806) can0 612#F1100E61F000464F
(1708736741.405457) can0 6F1#1230000000000000
(1708736741.405751) can0 612#F12130F3392D5000
(1708736741.405996) can0 612#F122004F00FFFFFF
(1708736741.442334) can0 6F1#120221F000000000
(1708736741.452592) can0 130#45FFFDFFFF
(1708736741.454664) can0 612#F1100E61F000464F
(1708736741.455125) can0 6F1#1230000000000000
(1708736741.455407) can0 612#F12130F3392D5000
(1708736741.455688) can0 612#F122004F00FFFFFF
(1708736741.492412) can0 6F1#120221F000000000
(1708736741.504810) can0 612#F1100E61F000464F
(1708736741.505450) can0 6F1#1230000000000000
(1708736741.505709) can0 612#F12130F3392D5000
(1708736741.505958) can0 612#F122004F00FFFFFF
(1708736741.541960) can0 6F1#120221F000000000
(1708736741.552568) can0 130#45FFFDFFFF
(1708736741.554659) can0 612#F1100E61F000464F
(1708736741.555156) can0 6F1#1230000000000000
(1708736741.555436) can0 612#F12130F3392D5000
(1708736741.555723) can0 612#F122004F00FFFFFF
(1708736741.592159) can0 6F1#120221F000000000
(1708736741.604802) can0 612#F1100E61F000464F
(1708736741.605463) can0 6F1#1230000000000000
(1708736741.605721) can0 612#F12130F3392D5000
(1708736741.605966) can0 612#F122004F00FFFFFF
(1708736741.642141) can0 6F1#120221F000000000
(1708736741.652595) can0 130#45FFFDFFFF
(1708736741.654520) can0 612#F1100E61F000464F
(1708736741.655130) can0 6F1#1230000000000000
(1708736741.655417) can0 612#F12130F3392D5000
(1708736741.655677) can0 612#F122004F00FFFFFF
(1708736741.691476) can0 6F1#120221F000000000
(1708736741.704818) can0 612#F1100E61F000464F
(1708736741.705455) can0 6F1#1230000000000000
(1708736741.705753) can0 612#F12130F3392D5000
(1708736741.706002) can0 612#F122004F00FFFFFF
(1708736741.741901) can0 6F1#120221F000000000
(1708736741.752552) can0 130#45FFFDFFFF
(1708736741.754641) can0 612#F1100E61F000464F
(1708736741.755135) can0 6F1#1230000000000000
(1708736741.755379) can0 612#F12130F3392D5000
(1708736741.755621) can0 612#F122004F00FFFFFF
(1708736741.791466) can0 6F1#120221F000000000
(1708736741.804811) can0 612#F1100E61F000464F
(1708736741.805469) can0 6F1#1230000000000000
(1708736741.805713) can0 612#F12130F339255000
(1708736741.805960) can0 612#F122004F00FFFFFF
(1708736741.842171) can0 6F1#120221F000000000
(1708736741.852607) can0 130#45FFFDFFFF
(1708736741.854674) can0 612#F1100E61F000464F
(1708736741.855123) can0 6F1#1230000000000000
(1708736741.855408) can0 612#F12130F3392D5000
(1708736741.855690) can0 612#F122004F00FFFFFF
(1708736741.892104) can0 6F1#120221F000000000
(1708736741.904830) can0 612#F1100E61F000464F
(1708736741.905476) can0 6F1#1230000000000000
(1708736741.905732) can0 612#F12130F3391A5000
(1708736741.905981) can0 612#F122004F00FFFFFF
(1708736741.941696) can0 6F1#120221F000000000
(1708736741.952617) can0 130#45FFFDFFFF
(1708736741.954675) can0 612#F1100E61F000464F
(1708736741.955115) can0 6F1#1230000000000000
(1708736741.955401) can0 612#F12130F3392D5000
(1708736741.955685) can0 612#F122004F00FFFFFF
(1708736741.991082) can0 6F1#120221F000000000
(1708736742.004848) can0 612#F1100E61F000464F
(1708736742.005492) can0 6F1#1230000000000000
(1708736742.005750) can0 612#F12130F3392D5000
(1708736742.005999) can0 612#F122004F00FFFFFF
(1708736742.040649) can0 6F1#120221F000000000
(1708736742.052644) can0 130#45FFFDFFFF
(1708736742.054595) can0 612#F1100E61F000464F
(1708736742.055151) can0 6F1#1230000000000000
(1708736742.055437) can0 612#F12130F3392D5000
(1708736742.055738) can0 612#F122004F00FFFFFF
(1708736742.090691) can0 6F1#120221F000000000
(1708736742.104818) can0 612#F1100E61F000464E
(1708736742.105461) can0 6F1#1230000000000000
(1708736742.105757) can0 612#F12130F3392D5000
(1708736742.106006) can0 612#F122004E00FFFFFF
(1708736742.140963) can0 6F1#120221F000000000
(1708736742.152549) can0 130#45FFFDFFFF
(1708736742.154687) can0 612#F1100E61F000464E
(1708736742.155183) can0 6F1#1230000000000000
(1708736742.155429) can0 612#F12130F3392D5000
(1708736742.155677) can0 612#F122004E00FFFFFF
(1708736742.190563) can0 6F1#120221F000000000
(1708736742.204832) can0 612#F1100E61F000464F
(1708736742.205496) can0 6F1#1230000000000000
(1708736742.205747) can0 612#F12130F3392D5000
(1708736742.206005) can0 612#F122004F00FFFFFF
(1708736742.240581) can0 6F1#120221F000000000
(1708736742.252544) can0 130#45FFFDFFFF
(1708736742.254458) can0 612#F1100E61F000464F
(1708736742.255100) can0 6F1#1230000000000000
(1708736742.255370) can0 612#F12130F3392D5000
(1708736742.255616) can0 612#F122004F00FFFFFF
(1708736742.290380) can0 6F1#120221F000000000
(1708736742.304793) can0 612#F1100E61F000464F
(1708736742.305434) can0 6F1#1230000000000000
(1708736742.305693) can0 612#F12130F3392D5000
(1708736742.305933) can0 612#F122004F00FFFFFF
(1708736742.340161) can0 6F1#120221F000000000
(1708736742.352484) can0 130#45FFFDFFFF
(1708736742.354543) can0 612#F1100E61F000464F
(1708736742.355117) can0 6F1#1230000000000000
(1708736742.355377) can0 612#F12130F3392D5000
(1708736742.355614) can0 612#F122004F00FFFFFF
(1708736742.390194) can0 6F1#120221F000000000
(1708736742.404782) can0 612#F1100E61F000464F
(1708736742.405423) can0 6F1#1230000000000000
(1708736742.405679) can0 612#F12130F3392D5000
(1708736742.405919) can0 612#F122004F00FFFFFF
(1708736742.440757) can0 6F1#120221F000000000
(1708736742.452735) can0 130#45FFFDFFFF
(1708736742.454706) can0 612#F1100E61F000464F
(1708736742.455158) can0 6F1#1230000000000000
(1708736742.455449) can0 612#F12130F3392D5000
(1708736742.455752) can0 612#F122004F00FFFFFF
(1708736742.489580) can0 6F1#120221F000000000
(1708736742.504848) can0 612#F1100E61F000464F
(1708736742.505492) can0 6F1#1230000000000000
(1708736742.505752) can0 612#F12130F3392D5000
(1708736742.506010) can0 612#F122004F00FFFFFF
(1708736742.540536) can0 6F1#120221F000000000
(1708736742.552578) can0 130#45FFFDFFFF
(1708736742.554690) can0 612#F1100E61F000464F
(1708736742.555144) can0 6F1#1230000000000000
(1708736742.555428) can0 612#F12130F3392D5000
(1708736742.555711) can0 612#F122004F00FFFFFF
(1708736742.590277) can0 6F1#120221F000000000
(1708736742.604820) can0 612#F1100E61F000464F
(1708736742.605487) can0 6F1#1230000000000000
(1708736742.605747) can0 612#F12130F3392D5000
(1708736742.605993) can0 612#F122004F00FFFFFF
(1708736742.639371) can0 6F1#120221F000000000
(1708736742.652656) can0 130#45FFFDFFFF
(1708736742.654778) can0 612#F1100E61F000464F
(1708736742.655432) can0 6F1#1230000000000000
(1708736742.655728) can0 612#F12130F3392D5000
(1708736742.655977) can0 612#F122004F00FFFFFF
(1708736742.689313) can0 6F1#120221F000000000
(1708736742.704834) can0 612#F1100E61F000464E
(1708736742.705479) can0 6F1#1230000000000000
(1708736742.705775) can0 612#F12130F339225000
(1708736742.706023) can0 612#F122004E00FFFFFF
(1708736742.738721) can0 6F1#120221F000000000
(1708736742.752640) can0 130#45FFFDFFFF
(1708736742.754723) can0 612#F1100E61F000464E
(1708736742.755332) can0 6F1#1230000000000000
(1708736742.755586) can0 612#F12130F3392D5000
(1708736742.755840) can0 612#F122004E00FFFFFF
(1708736742.788894) can0 6F1#120221F000000000
(1708736742.804851) can0 612#F1100E61F000464F
(1708736742.805493) can0 6F1#1230000000000000
(1708736742.805775) can0 612#F12130F3392D5000
(1708736742.806053) can0 612#F122004F00FFFFFF
(1708736742.839278) can0 6F1#120221F000000000
(1708736742.852604) can0 130#45FFFDFFFF
(1708736742.854582) can0 612#F1100E61F000464F
(1708736742.855147) can0 6F1#1230000000000000
(1708736742.855437) can0 612#F12130F3392D5000
(1708736742.855735) can0 612#F122004F00FFFFFF
(1708736742.889012) can0 6F1#120221F000000000
(1708736742.904855) can0 612#F1100E61F000464F
(1708736742.905504) can0 6F1#1230000000000000
(1708736742.905765) can0 612#F12130F3392D5000
(1708736742.906015) can0 612#F122004F00FFFFFF
(1708736742.938375) can0 6F1#120221F000000000
(1708736742.952583) can0 130#45FFFDFFFF
(1708736742.954555) can0 612#F1100E61F000464F
(1708736742.955209) can0 6F1#1230000000000000
(1708736742.955504) can0 612#F12130F3392D5000
(1708736742.955752) can0 612#F122004F00FFFFFF
(1708736742.988999) can0 6F1#120221F000000000
(1708736743.004843) can0 612#F1100E61F000464F
(1708736743.005488) can0 6F1#1230000000000000
(1708736743.005735) can0 612#F12130F3392D5000
(1708736743.005976) can0 612#F122004F00FFFFFF
(1708736743.038446) can0 6F1#120221F000000000
(1708736743.052618) can0 130#45FFFDFFFF
(1708736743.054591) can0 612#F1100E61F000464F
(1708736743.055166) can0 6F1#1230000000000000
(1708736743.055457) can0 612#F12130F3392D5000
(1708736743.055744) can0 612#F122004F00FFFFFF
(1708736743.089081) can0 6F1#120221F000000000
(1708736743.104850) can0 612#F1100E61F000464E
(1708736743.105536) can0 6F1#1230000000000000
(1708736743.105787) can0 612#F12130F3392D5000
(1708736743.106029) can0 612#F122004E00FFFFFF
(1708736743.138675) can0 6F1#120221F000000000
(1708736743.152552) can0 130#45FFFDFFFF
(1708736743.154545) can0 612#F1100E61F000464E
(1708736743.155196) can0 6F1#1230000000000000
(1708736743.155453) can0 612#F12130F3392D5000
(1708736743.155704) can0 612#F122004E00FFFFFF
(1708736743.188659) can0 6F1#120221F000000000
(1708736743.204874) can0 612#F1100E61F000464F
(1708736743.205519) can0 6F1#1230000000000000
(1708736743.205764) can0 612#F12130F3392D5000
(1708736743.206007) can0 612#F122004F00FFFFFF
(1708736743.237967) can0 6F1#120221F000000000
(1708736743.252597) can0 130#45FFFDFFFF
(1708736743.254628) can0 612#F1100E61F000464F
(1708736743.255181) can0 6F1#1230000000000000
(1708736743.255466) can0 612#F12130F3392D5000
(1708736743.255769) can0 612#F122004F00FFFFFF
(1708736743.288298) can0 6F1#120221F000000000
(1708736743.304838) can0 612#F1100E61F000464F
(1708736743.305485) can0 6F1#1230000000000000
(1708736743.305747) can0 612#F12130F3392D5000
(1708736743.305998) can0 612#F122004F00FFFFFF
(1708736743.337581) can0 6F1#120221F000000000
(1708736743.352605) can0 130#45FFFDFFFF
(1708736743.354647) can0 612#F1100E61F000464F
(1708736743.355194) can0 6F1#1230000000000000
(1708736743.355481) can0 612#F12130F3392D5000
(1708736743.355781) can0 612#F122004F00FFFFFF
(1708736743.388279) can0 6F1#120221F000000000
(1708736743.404855) can0 612#F1100E61F000464F
(1708736743.405513) can0 6F1#1230000000000000
(1708736743.405761) can0 612#F12130F339255000
(1708736743.406003) can0 612#F122004F00FFFFFF
(1708736743.437530) can0 6F1#120221F000000000
(1708736743.452616) can0 130#45FFFDFFFF
(1708736743.454708) can0 612#F1100E61F000464F
(1708736743.455205) can0 6F1#1230000000000000
(1708736743.455453) can0 612#F12130F3392D5000
(1708736743.455701) can0 612#F122004F00FFFFFF
(1708736743.487466) can0 6F1#120221F000000000
(1708736743.504856) can0 612#F1100E61F000464F
(1708736743.505511) can0 6F1#1230000000000000
(1708736743.505796) can0 612#F12130F3392D5000
(1708736743.506083) can0 612#F122004F00FFFFFF
(1708736743.536961) can0 6F1#120221F000000000
(1708736743.552630) can0 130#45FFFDFFFF
(1708736743.554651) can0 612#F1100E61F000464F
(1708736743.555247) can0 6F1#1230000000000000
(1708736743.555539) can0 612#F12130F3392D5000
(1708736743.555785) can0 612#F122004F00FFFFFF
(1708736743.587253) can0 6F1#120221F000000000
(1708736743.604876) can0 612#F1100E61F000464F
(1708736743.605515) can0 6F1#1230000000000000
(1708736743.605763) can0 612#F12130F3392D5000
(1708736743.606004) can0 612#F122004F00FFFFFF
(1708736743.636887) can0 6F1#120221F000000000
(1708736743.652624) can0 130#45FFFDFFFF
(1708736743.654731) can0 612#F1100E61F000464F
(1708736743.655186) can0 6F1#1230000000000000
(1708736743.655468) can0 612#F12130F3392D5000
(1708736743.655751) can0 612#F122004F00FFFFFF
(1708736743.687587) can0 6F1#120221F000000000
(1708736743.704864) can0 612#F1100E61F000464F
(1708736743.705502) can0 6F1#1230000000000000
(1708736743.705784) can0 612#F12130F3392D5000
(1708736743.706064) can0 612#F122004F00FFFFFF
(1708736743.737070) can0 6F1#120221F000000000
(1708736743.752595) can0 130#45FFFDFFFF
(1708736743.754534) can0 612#F1100E61F000464F
(1708736743.755196) can0 6F1#1230000000000000
(1708736743.755494) can0 612#F12130F3392D5000
(1708736743.755736) can0 612#F122004F00FFFFFF
(1708736743.786893) can0 6F1#120221F000000000
(1708736743.804892) can0 612#F1100E61F000464E
(1708736743.805533) can0 6F1#1230000000000000
(1708736743.805781) can0 612#F12130F3392D5000
(1708736743.806024) can0 612#F122004E00FFFFFF
(1708736743.836677) can0 6F1#120221F000000000
(1708736743.852623) can0 130#45FFFDFFFF
(1708736743.854678) can0 612#F1100E61F000464E
(1708736743.855183) can0 6F1#1230000000000000
(1708736743.855466) can0 612#F12130F3392D5000
(1708736743.855746) can0 612#F122004E00FFFFFF
(1708736743.886582) can0 6F1#120221F000000000
(1708736743.904855) can0 612#F1100E61F000464F
(1708736743.905517) can0 6F1#1230000000000000
(1708736743.905779) can0 612#F12130F3392D5000
(1708736743.906027) can0 612#F122004F00FFFFFF
(1708736743.935894) can0 6F1#120221F000000000
(1708736743.952610) can0 130#45FFFDFFFF
(1708736743.954572) can0 612#F1100E61F000464F
(1708736743.955235) can0 6F1#1230000000000000
(1708736743.955485) can0 612#F12130F3392D5000
(1708736743.955731) can0 612#F122004F00FFFFFF
(1708736743.987181) can0 6F1#120221F000000000
(1708736744.004887) can0 612#F1100E61F000464F
(1708736744.005523) can0 6F1#1230000000000000
(1708736744.005772) can0 612#F12130F3392D5000
(1708736744.006017) can0 612#F122004F00FFFFFF
(1708736744.036682) can0 6F1#120221F000000000
(1708736744.052628) can0 130#45FFFDFFFF
(1708736744.054586) can0 612#F1100E61F000464F
(1708736744.055221) can0 6F1#1230000000000000
(1708736744.055480) can0 612#F12130F3392D5000
(1708736744.055728) can0 612#F122004F00FFFFFF
(1708736744.086155) can0 6F1#120221F000000000
(1708736744.104892) can0 612#F1100E61F000464F
(1708736744.105533) can0 6F1#1230000000000000
(1708736744.105796) can0 612#F12130F3392D5000
(1708736744.106047) can0 612#F122004F00FFFFFF
(1708736744.135960) can0 6F1#120221F000000000
(1708736744.152619) can0 130#45FFFDFFFF
(1708736744.154541) can0 612#F1100E61F000464F
(1708736744.155208) can0 6F1#1230000000000000
(1708736744.155490) can0 612#F12130F3392D5000
(1708736744.155769) can0 612#F122004F00FFFFFF
(1708736744.185777) can0 6F1#120221F000000000
(1708736744.204860) can0 612#F1100E61F000464F
(1708736744.205509) can0 6F1#1230000000000000
(1708736744.205793) can0 612#F12130F3392D5000
(1708736744.206067) can0 612#F122004F00FFFFFF
(1708736744.236537) can0 6F1#120221F000000000
(1708736744.252621) can0 130#45FFFDFFFF
(1708736744.254581) can0 612#F1100E61F000464F
(1708736744.255229) can0 6F1#1230000000000000
(1708736744.255524) can0 612#F12130F3392D5000
(1708736744.255769) can0 612#F122004F00FFFFFF
(1708736744.286200) can0 6F1#120221F000000000
(1708736744.304886) can0 612#F1100E61F000464F
(1708736744.305528) can0 6F1#1230000000000000
(1708736744.305827) can0 612#F12130F3392D5000
(1708736744.306075) can0 612#F122004F00FFFFFF
(1708736744.335459) can0 6F1#120221F000000000
(1708736744.352579) can0 130#45FFFDFFFF
(1708736744.354555) can0 612#F1100E61F000464F
(1708736744.355219) can0 6F1#1230000000000000
(1708736744.355468) can0 612#F12130F3392D5000
(1708736744.355712) can0 612#F122004F00FFFFFF
(1708736744.385979) can0 6F1#120221F000000000
(1708736744.404872) can0 612#F1100E61F000464F
(1708736744.405536) can0 6F1#1230000000000000
(1708736744.405817) can0 612#F12130F3392D5000
(1708736744.406093) can0 612#F122004F00FFFFFF
(1708736744.435042) can0 6F1#120221F000000000
(1708736744.452637) can0 130#45FFFDFFFF
(1708736744.454563) can0 612#F1100E61F000464F
(1708736744.455216) can0 6F1#1230000000000000
(1708736744.455510) can0 612#F12130F3392D5000
(1708736744.455789) can0 612#F122004F00FFFFFF
(1708736744.485922) can0 6F1#120221F000000000
(1708736744.504874) can0 612#F1100E61F000464E
(1708736744.505521) can0 6F1#1230000000000000
(1708736744.505816) can0 612#F12130F3392D5000
(1708736744.506069) can0 612#F122004E00FFFFFF
(1708736744.534610) can0 6F1#120221F000000000
(1708736744.552623) can0 130#45FFFDFFFF
(1708736744.554863) can0 612#F1100E61F000464E
(1708736744.555527) can0 6F1#1230000000000000
(1708736744.555772) can0 612#F12130F3392D5000
(1708736744.556019) can0 612#F122004E00FFFFFF
(1708736744.584801) can0 6F1#120221F000000000
(1708736744.604888) can0 612#F1100E61F000464F
(1708736744.605530) can0 6F1#1230000000000000
(1708736744.605778) can0 612#F12130F339255000
(1708736744.606020) can0 612#F122004F00FFFFFF
(1708736744.634989) can0 6F1#120221F000000000
(1708736744.652616) can0 130#45FFFDFFFF
(1708736744.654568) can0 612#F1100E61F000464F
(1708736744.655208) can0 6F1#1230000000000000
(1708736744.655505) can0 612#F12130F3392D5000
(1708736744.655754) can0 612#F122004F00FFFFFF
(1708736744.684736) can0 6F1#120221F000000000
(1708736744.704910) can0 612#F1100E61F000464E
(1708736744.705551) can0 6F1#1230000000000000
(1708736744.705811) can0 612#F12130F339225000
(1708736744.706059) can0 612#F122004E00FFFFFF
(1708736744.734491) can0 6F1#120221F000000000
(1708736744.752654) can0 130#45FFFDFFFF
(1708736744.754633) can0 612#F1100E61F000464E
(1708736744.755278) can0 6F1#1230000000000000
(1708736744.755598) can0 612#F12130F3392D5000
(1708736744.755851) can0 612#F122004E00FFFFFF
(1708736744.784241) can0 6F1#120221F000000000
(1708736744.804889) can0 612#F1100E61F000464F
(1708736744.805535) can0 6F1#1230000000000000
(1708736744.805782) can0 612#F12130F3392D5000
(1708736744.806039) can0 612#F122004F00FFFFFF
(1708736744.834434) can0 6F1#120221F000000000
(1708736744.852609) can0 130#45FFFDFFFF
(1708736744.854540) can0 612#F1100E61F000464F
(1708736744.855208) can0 6F1#1230000000000000
(1708736744.855476) can0 612#F12130F3392D5000
(1708736744.855722) can0 612#F122004F00FFFFFF
(1708736744.884352) can0 6F1#120221F000000000
(1708736744.904855) can0 612#F1100E61F000464F
(1708736744.905521) can0 6F1#1230000000000000
(1708736744.905790) can0 612#F12130F339225000
(1708736744.906039) can0 612#F122004F00FFFFFF
(1708736744.933924) can0 6F1#120221F000000000
(1708736744.952622) can0 130#45FFFDFFFF
(1708736744.954840) can0 612#F1100E61F000464F
(1708736744.955500) can0 6F1#1230000000000000
(1708736744.955751) can0 612#F12130F3392D5000
(1708736744.956001) can0 612#F122004F00FFFFFF
(1708736744.983947) can0 6F1#120221F000000000
(1708736745.004925) can0 612#F1100E61F000464F
(1708736745.005575) can0 6F1#1230000000000000
(1708736745.005823) can0 612#F12130F3392D5000
(1708736745.006065) can0 612#F122004F00FFFFFF
(1708736745.034810) can0 6F1#120221F000000000
(1708736745.052650) can0 130#45FFFDFFFF
(1708736745.054746) can0 612#F1100E61F000464F
(1708736745.055204) can0 6F1#1230000000000000
(1708736745.055485) can0 612#F12130F3392D5000
(1708736745.055767) can0 612#F122004F00FFFFFF
(1708736745.083289) can0 6F1#120221F000000000
(1708736745.094961) can0 612#F1100E61F000464F
(1708736745.095604) can0 6F1#1230000000000000
(1708736745.095868) can0 612#F12130F3392D5000
(1708736745.096117) can0 612#F122004F00FFFFFF
(1708736745.134092) can0 6F1#120221F000000000
(1708736745.152599) can0 130#45FFFDFFFF
(1708736745.154589) can0 612#F1100E61F000464F
(1708736745.155242) can0 6F1#1230000000000000
(1708736745.155539) can0 612#F12130F3392D5000
(1708736745.155782) can0 612#F122004F00FFFFFF
(1708736745.184273) can0 6F1#120221F000000000
(1708736745.204928) can0 612#F1100E61F000464F
(1708736745.205570) can0 6F1#1230000000000000
(1708736745.205816) can0 612#F12130F3392D5000
(1708736745.206057) can0 612#F122004F00FFFFFF
(1708736745.233697) can0 6F1#120221F000000000
(1708736745.252633) can0 130#45FFFDFFFF
(1708736745.254654) can0 612#F1100E61F000464F
(1708736745.255214) can0 6F1#1230000000000000
(1708736745.255505) can0 612#F12130F3392D5000
(1708736745.255800) can0 612#F122004F00FFFFFF
(1708736745.283376) can0 6F1#120221F000000000
(1708736745.294750) can0 612#F1100E61F000464F
(1708736745.295393) can0 6F1#1230000000000000
(1708736745.295686) can0 612#F12130F3392D5000
(1708736745.295929) can0 612#F122004F00FFFFFF
(1708736745.332562) can0 6F1#120221F000000000
(1708736745.345064) can0 612#F1100E61F000464F
(1708736745.345724) can0 6F1#1230000000000000
(1708736745.345977) can0 612#F12130F3392D5000
(1708736745.346224) can0 612#F122004F00FFFFFF
(1708736745.352592) can0 130#45FFFDFFFF
(1708736745.383466) can0 6F1#120221F000000000
(1708736745.394758) can0 612#F1100E61F000464E
(1708736745.395422) can0 6F1#1230000000000000
(1708736745.395683) can0 612#F12130F3392D5000
(1708736745.395932) can0 612#F122004E00FFFFFF
(1708736745.433582) can0 6F1#120221F000000000
(1708736745.452659) can0 130#45FFFDFFFF
(1708736745.454556) can0 612#F1100E61F000464E
(1708736745.455222) can0 6F1#1230000000000000
(1708736745.455516) can0 612#F12130F339255000
(1708736745.455802) can0 612#F122004E00FFFFFF
(1708736745.482938) can0 6F1#120221F000000000
(1708736745.494735) can0 612#F1100E61F000464F
(1708736745.495378) can0 6F1#1230000000000000
(1708736745.495636) can0 612#F12130F339255000
(1708736745.495882) can0 612#F122004F00FFFFFF
(1708736745.531983) can0 6F1#120221F000000000
(1708736745.545356) can0 612#F1100E61F000464F
(1708736745.546001) can0 6F1#1230000000000000
(1708736745.546260) can0 612#F12130F339255000
(1708736745.546509) can0 612#F122004F00FFFFFF
(1708736745.552625) can0 130#45FFFDFFFF
(1708736745.583196) can0 6F1#120221F000000000
(1708736745.594776) can0 612#F1100E61F000464F
(1708736745.595419) can0 6F1#1230000000000000
(1708736745.595681) can0 612#F12130F3392D5000
(1708736745.595927) can0 612#F122004F00FFFFFF
(1708736745.632478) can0 6F1#120221F000000000
(1708736745.645090) can0 612#F1100E61F000464F
(1708736745.645735) can0 6F1#1230000000000000
(1708736745.646031) can0 612#F12130F3392D5000
(1708736745.646279) can0 612#F122004F00FFFFFF
(1708736745.652647) can0 130#45FFFDFFFF
(1708736745.681400) can0 6F1#120221F000000000
(1708736745.694762) can0 612#F1100E61F000464F
(1708736745.695401) can0 6F1#1230000000000000
(1708736745.695698) can0 612#F12130F3392D5000
(1708736745.695948) can0 612#F122004F00FFFFFF
(1708736745.752659) can0 130#45FFFDFFFF
(1708736745.852640) can0 130#45FFFDFFFF
(1708736745.866438) can0 6F1#120221F000000000
(1708736745.885157) can0 612#F1100E61F000464F
(1708736745.885801) can0 6F1#1230000000000000
(1708736745.886066) can0 612#F12130F3392D5000
(1708736745.886310) can0 612#F122004F00FFFFFF
(1708736745.952625) can0 130#45FFFDFFFF
(1708736745.956009) can0 6F1#12032CF004000000
(1708736745.967882) can0 612#F1026CF0FFFFFFFF
(1708736746.037751) can0 6F1#1210382CF0020101
(1708736746.040033) can0 612#F1300000FFFFFFFF
(1708736746.040617) can0 6F1#1221580C01020201
(1708736746.040900) can0 6F1#1222440201020301
(1708736746.041412) can0 6F1#1223580501020402
(1708736746.041849) can0 6F1#122458DD01020602
(1708736746.042291) can0 6F1#122558F001020801
(1708736746.042715) can0 6F1#1226580F01020902
(1708736746.043152) can0 6F1#12275ABC01020B01
(1708736746.043576) can0 6F1#1228581F01020C01
(1708736746.044049) can0 6F1#1229580D01000000
(1708736746.052662) can0 130#45FFFDFFFF
(1708736746.077906) can0 612#F1026CF0FFFFFFFF
(1708736746.131597) can0 6F1#120221F000000000
(1708736746.145104) can0 612#F1100E61F000464E
(1708736746.145752) can0 6F1#1230000000000000
(1708736746.146015) can0 612#F12130F3392D5000
(1708736746.146270) can0 612#F122004E00FFFFFF
(1708736746.152640) can0 130#45FFFDFFFF
(1708736746.183097) can0 6F1#120221F000000000
(1708736746.194782) can0 612#F1100E61F000464F
(1708736746.195428) can0 6F1#1230000000000000
(1708736746.195686) can0 612#F12130F339255000
(1708736746.195940) can0 612#F122004F00FFFFFF
(1708736746.252659) can0 130#45FFFDFFFF
(1708736746.289738) can0 6F1#120221F000000000
(1708736746.304937) can0 612#F1100E61F000464F
(1708736746.305593) can0 6F1#1230000000000000
(1708736746.305842) can0 612#F12130F3392D5000
(1708736746.306093) can0 612#F122004F00FFFFFF
(1708736746.352658) can0 130#45FFFDFFFF
(1708736746.380921) can0 6F1#120221F000000000
(1708736746.394779) can0 612#F1100E61F000464F
(1708736746.395430) can0 6F1#1230000000000000
(1708736746.395695) can0 612#F12130F3392D5000
(1708736746.395944) can0 612#F122004F00FFFFFF
(1708736746.452650) can0 130#45FFFDFFFF
(1708736746.483569) can0 6F1#120221F000000000
(1708736746.494791) can0 612#F1100E61F000464F
(1708736746.495445) can0 6F1#1230000000000000
(1708736746.495710) can0 612#F12130F3392D5000
(1708736746.495960) can0 612#F122004F00FFFFFF
(1708736746.552637) can0 130#45FFFDFFFF
(1708736746.558477) can0 6F1#120221F000000000
(1708736746.574556) can0 612#F1100E61F000464F
(1708736746.575213) can0 6F1#1230000000000000
(1708736746.575508) can0 612#F12130F3392D5000
(1708736746.575755) can0 612#F122004F00FFFFFF
(1708736746.652667) can0 130#45FFFDFFFF
(1708736746.655507) can0 6F1#120221F000000000
(1708736746.674579) can0 612#F1100E61F000464F
(1708736746.675243) can0 6F1#1230000000000000
(1708736746.675542) can0 612#F12130F3392D5000
(1708736746.675791) can0 612#F122004F00FFFFFF
(1708736746.759928) can0 6F1#120221F000000000
(1708736746.762704) can0 130#45FFFDFFFF
(1708736746.774611) can0 612#F1100E61F000464F
(1708736746.775250) can0 6F1#1230000000000000
(1708736746.775547) can0 612#F12130F3392D5000
(1708736746.775792) can0 612#F122004F00FFFFFF
(1708736746.852668) can0 130#45FFFDFFFF
(1708736746.855669) can0 6F1#120221F000000000
(1708736746.874593) can0 612#F1100E61F000464F
(1708736746.875256) can0 6F1#1230000000000000
(1708736746.875511) can0 612#F12130F3392D5000
(1708736746.875754) can0 612#F122004F00FFFFFF
(1708736746.952639) can0 130#45FFFDFFFF
(1708736746.960011) can0 6F1#120221F000000000
(1708736746.974627) can0 612#F1100E61F000464F
(1708736746.975263) can0 6F1#1230000000000000
(1708736746.975560) can0 612#F12130F3392D5000
(1708736746.975842) can0 612#F122004F00FFFFFF
(1708736747.052675) can0 130#45FFFDFFFF
(1708736747.061942) can0 6F1#120221F000000000
(1708736747.074624) can0 612#F1100E61F000464F
(1708736747.075273) can0 6F1#1230000000000000
(1708736747.075569) can0 612#F12130F3392D5000
(1708736747.075815) can0 612#F122004F00FFFFFF
(1708736747.152644) can0 130#45FFFDFFFF
(1708736747.162687) can0 6F1#120221F000000000
(1708736747.174581) can0 612#F1100E61F000464F
(1708736747.175236) can0 6F1#1230000000000000
(1708736747.175487) can0 612#F12130F3392D5000
(1708736747.175735) can0 612#F122004F00FFFFFF
(1708736747.252666) can0 130#45FFFDFFFF
(1708736747.259931) can0 6F1#120221F000000000
(1708736747.274585) can0 612#F1100E61F000464F
(1708736747.275260) can0 6F1#1230000000000000
(1708736747.275555) can0 612#F12130F3392D5000
(1708736747.275812) can0 612#F122004F00FFFFFF
(1708736747.352651) can0 130#45FFFDFFFF
(1708736747.368221) can0 6F1#120221F000000000
(1708736747.385212) can0 612#F1100E61F000464E
(1708736747.385853) can0 6F1#1230000000000000
(1708736747.386151) can0 612#F12130F3392D5000
(1708736747.386397) can0 612#F122004E00FFFFFF
(1708736747.452740) can0 130#45FFFDFFFF
(1708736747.461373) can0 6F1#120221F000000000
(1708736747.474583) can0 612#F1100E61F000464E
(1708736747.475244) can0 6F1#1230000000000000
(1708736747.475535) can0 612#F12130F3392D5000
(1708736747.475813) can0 612#F122004E00FFFFFF
(1708736747.552632) can0 130#45FFFDFFFF
(1708736747.563983) can0 6F1#120221F000000000
(1708736747.585223) can0 612#F1100E61F000464F
(1708736747.585866) can0 6F1#1230000000000000
(1708736747.586129) can0 612#F12130F3392D5000
(1708736747.586375) can0 612#F122004F00FFFFFF
(1708736747.652717) can0 130#45FFFDFFFF
(1708736747.663625) can0 6F1#120221F000000000
(1708736747.685215) can0 612#F1100E61F000464F
(1708736747.685868) can0 6F1#1230000000000000
(1708736747.686117) can0 612#F12130F3392D5000
(1708736747.686364) can0 612#F122004F00FFFFFF
(1708736747.752657) can0 130#45FFFDFFFF
(1708736747.764241) can0 6F1#120221F000000000
(1708736747.785227) can0 612#F1100E61F000464F
(1708736747.785868) can0 6F1#1230000000000000
(1708736747.786152) can0 612#F12130F3392D5000
(1708736747.786437) can0 612#F122004F00FFFFFF
(1708736747.852668) can0 130#45FFFDFFFF
(1708736747.952640) can0 130#45FFFDFFFF
(1708736747.971462) can0 6F1#120221F000000000
(1708736747.985197) can0 612#F1100E61F000464E
(1708736747.985840) can0 6F1#1230000000000000
(1708736747.986117) can0 612#F12130F3392D5000
(1708736747.986383) can0 612#F122004E00FFFFFF
(1708736748.045180) can0 6F1#120221F000000000
(1708736748.052705) can0 130#45FFFDFFFF
(1708736748.064964) can0 612#F1100E61F000464E
(1708736748.065619) can0 6F1#1230000000000000
(1708736748.065938) can0 612#F12130F3392D5000
(1708736748.066228) can0 612#F122004E00FFFFFF
(1708736748.148407) can0 6F1#120221F000000000
(1708736748.152684) can0 130#45FFFDFFFF
(1708736748.164949) can0 612#F1100E61F000464F
(1708736748.165606) can0 6F1#1230000000000000
(1708736748.165925) can0 612#F12130F3392D5000
(1708736748.166172) can0 612#F122004F00FFFFFF
(1708736748.252698) can0 130#45FFFDFFFF
(1708736748.270937) can0 6F1#120221F000000000
(1708736748.285191) can0 612#F1100E61F000464F
(1708736748.285836) can0 6F1#1230000000000000
(1708736748.286134) can0 612#F12130F3392D5000
(1708736748.286384) can0 612#F122004F00FFFFFF
(1708736748.352654) can0 130#45FFFDFFFF
(1708736748.358915) can0 6F1#120221F000000000
(1708736748.374631) can0 612#F1100E61F000464F
(1708736748.375271) can0 6F1#1230000000000000
(1708736748.375567) can0 612#F12130F3392D5000
(1708736748.375810) can0 612#F122004F00FFFFFF
(1708736748.452704) can0 130#45FFFDFFFF
(1708736748.474574) can0 6F1#120221F000000000
(1708736748.494864) can0 612#F1100E61F000464F
(1708736748.495525) can0 6F1#1230000000000000
(1708736748.495775) can0 612#F12130F3392D5000
(1708736748.496020) can0 612#F122004F00FFFFFF
(1708736748.552702) can0 130#45FFFDFFFF
(1708736748.556601) can0 6F1#120221F000000000
(1708736748.574642) can0 612#F1100E61F000464F
(1708736748.575309) can0 6F1#1230000000000000
(1708736748.575559) can0 612#F12130F3392D5000
(1708736748.575805) can0 612#F122004F00FFFFFF
(1708736748.652701) can0 130#45FFFDFFFF
(1708736748.662903) can0 6F1#120221F000000000
(1708736748.674606) can0 612#F1100E61F000464E
(1708736748.675267) can0 6F1#1230000000000000
(1708736748.675567) can0 612#F12130F3392D5000
(1708736748.675815) can0 612#F122004E00FFFFFF
(1708736748.752732) can0 130#45FFFDFFFF
(1708736748.762231) can0 6F1#120221F000000000
(1708736748.774643) can0 612#F1100E61F000464F
(1708736748.775279) can0 6F1#1230000000000000
(1708736748.775575) can0 612#F12130F3392D5000
(1708736748.775860) can0 612#F122004F00FFFFFF
(1708736748.852724) can0 130#45FFFDFFFF
(1708736748.858580) can0 6F1#120221F000000000
(1708736748.874662) can0 612#F1100E61F000464F
(1708736748.875313) can0 6F1#1230000000000000
(1708736748.875604) can0 612#F12130F3392D5000
(1708736748.875852) can0 612#F122004F00FFFFFF
(1708736748.952709) can0 130#45FFFDFFFF
(1708736748.964341) can0 6F1#120221F000000000
(1708736748.985248) can0 612#F1100E61F000464F
(1708736748.985898) can0 6F1#1230000000000000
(1708736748.986145) can0 612#F12130F3392D5000
(1708736748.986450) can0 612#F122004F00FFFFFF
(1708736749.052731) can0 130#45FFFDFFFF
(1708736749.060683) can0 6F1#120221F000000000
(1708736749.074665) can0 612#F1100E61F000464F
(1708736749.075310) can0 6F1#1230000000000000
(1708736749.075568) can0 612#F12130F3392D5000
(1708736749.075812) can0 612#F122004F00FFFFFF
(1708736749.149540) can0 6F1#120221F000000000
(1708736749.152680) can0 130#45FFFDFFFF
(1708736749.164235) can0 612#F1100E61F000464F
(1708736749.164894) can0 6F1#1230000000000000
(1708736749.165188) can0 612#F12130F3392D5000
(1708736749.165431) can0 612#F122004F00FFFFFF
(1708736749.227466) can0 6F1#120221F000000000
(1708736749.245160) can0 612#F1100E61F000464F
(1708736749.245814) can0 6F1#1230000000000000
(1708736749.246113) can0 612#F12130F3392D5000
(1708736749.246358) can0 612#F122004F00FFFFFF
(1708736749.252719) can0 130#45FFFDFFFF
(1708736749.352690) can0 130#45FFFDFFFF
(1708736749.452715) can0 130#45FFFDFFFF
(1708736749.552700) can0 130#45FFFDFFFF
(1708736749.652715) can0 130#45FFFDFFFF
(1708736749.752682) can0 130#45FFFDFFFF
(1708736749.852716) can0 130#45FFFDFFFF
(1708736749.952728) can0 130#45FFFDFFFF
(1708736750.052722) can0 130#45FFFDFFFF
(1708736750.152701) can0 130#45FFFDFFFF
(1708736750.252727) can0 130#45FFFDFFFF
(1708736750.352709) can0 130#45FFFDFFFF
(1708736750.452730) can0 130#45FFFDFFFF
(1708736750.552712) can0 130#45FFFDFFFF
(1708736750.652738) can0 130#45FFFDFFFF
(1708736750.752728) can0 130#45FFFDFFFF
(1708736750.852759) can0 130#45FFFDFFFF
(1708736750.952722) can0 130#45FFFDFFFF
(1708736751.052741) can0 130#45FFFDFFFF
(1708736751.152727) can0 130#45FFFDFFFF
(1708736751.252746) can0 130#45FFFDFFFF
(1708736751.352734) can0 130#45FFFDFFFF
(1708736751.452760) can0 130#45FFFDFFFF
(1708736751.552696) can0 130#45FFFDFFFF
(1708736751.652743) can0 130#45FFFDFFFF
(1708736751.752780) can0 130#45FFFDFFFF
(1708736751.852759) can0 130#45FFFDFFFF
(1708736751.952735) can0 130#45FFFDFFFF
(1708736752.052762) can0 130#45FFFDFFFF
(1708736752.152764) can0 130#45FFFDFFFF
(1708736752.252765) can0 130#45FFFDFFFF
(1708736752.352749) can0 130#45FFFDFFFF
(1708736752.452818) can0 130#45FFFDFFFF
(1708736752.552737) can0 130#45FFFDFFFF
(1708736752.652792) can0 130#45FFFDFFFF
(1708736752.762743) can0 130#45FFFDFFFF
(1708736752.852774) can0 130#45FFFDFFFF
(1708736752.952761) can0 130#45FFFDFFFF
(1708736753.052796) can0 130#45FFFDFFFF
(1708736753.152751) can0 130#45FFFDFFFF
(1708736753.252785) can0 130#45FFFDFFFF
(1708736753.352760) can0 130#45FFFDFFFF
(1708736753.452803) can0 130#45FFFDFFFF
(1708736753.552739) can0 130#45FFFDFFFF
(1708736753.652782) can0 130#45FFFDFFFF
(1708736753.752816) can0 130#45FFFDFFFF
(1708736753.852841) can0 130#45FFFDFFFF
(1708736753.952796) can0 130#45FFFDFFFF
(1708736754.052802) can0 130#45FFFDFFFF
(1708736754.152824) can0 130#45FFFDFFFF
(1708736754.252802) can0 130#45FFFDFFFF
(1708736754.352767) can0 130#45FFFDFFFF
(1708736754.452809) can0 130#45FFFDFFFF
(1708736754.552786) can0 130#45FFFDFFFF
(1708736754.652807) can0 130#45FFFDFFFF
(1708736754.752835) can0 130#45FFFDFFFF
(1708736754.852806) can0 130#45FFFDFFFF
(1708736754.952779) can0 130#45FFFDFFFF
(1708736755.052833) can0 130#45FFFDFFFF
(1708736755.152785) can0 130#45FFFDFFFF
(1708736755.252818) can0 130#45FFFDFFFF
(1708736755.352786) can0 130#45FFFDFFFF
(1708736755.452825) can0 130#45FFFDFFFF
(1708736755.552808) can0 130#45FFFDFFFF
(1708736755.652833) can0 130#45FFFDFFFF
(1708736755.752806) can0 130#45FFFDFFFF
(1708736755.852823) can0 130#45FFFDFFFF
(1708736755.952823) can0 130#45FFFDFFFF
(1708736756.052829) can0 130#45FFFDFFFF
(1708736756.152811) can0 130#45FFFDFFFF
(1708736756.252840) can0 130#45FFFDFFFF
(1708736756.352820) can0 130#45FFFDFFFF
(1708736756.452841) can0 130#45FFFDFFFF
(1708736756.552831) can0 130#45FFFDFFFF
(1708736756.652827) can0 130#45FFFDFFFF
(1708736756.752891) can0 130#45FFFDFFFF
(1708736756.852867) can0 130#45FFFDFFFF
(1708736756.952832) can0 130#45FFFDFFFF
(1708736757.052852) can0 130#45FFFDFFFF
(1708736757.152828) can0 130#45FFFDFFFF
(1708736757.252863) can0 130#45FFFDFFFF
(1708736757.352839) can0 130#45FFFDFFFF
(1708736757.452934) can0 130#45FFFDFFFF
(1708736757.552852) can0 130#45FFFDFFFF
(1708736757.652856) can0 130#45FFFDFFFF
(1708736757.711598) can0 6F1#12032CF004000000
(1708736757.718144) can0 612#F1026CF0FFFFFFFF
(1708736757.752864) can0 130#45FFFDFFFF
(1708736757.759952) can0 6F1#1210382CF0020101
(1708736757.762089) can0 612#F1300000FFFFFFFF
(1708736757.762789) can0 6F1#1221580C01020201
(1708736757.763176) can0 6F1#1222440201020301
(1708736757.763639) can0 6F1#1223580501020402
(1708736757.764065) can0 6F1#122458DD01020602
(1708736757.764508) can0 6F1#122558F001020801
(1708736757.764943) can0 6F1#1226580F01020902
(1708736757.765383) can0 6F1#12275ABC01020B01
(1708736757.765802) can0 6F1#1228581F01020C01
(1708736757.766237) can0 6F1#1229580D01000000
(1708736757.798122) can0 612#F1026CF0FFFFFFFF
(1708736757.852877) can0 130#45FFFDFFFF
(1708736757.855434) can0 6F1#120221F000000000
(1708736757.874286) can0 612#F1100E61F000464F
(1708736757.874930) can0 6F1#1230000000000000
(1708736757.875226) can0 612#F12130F3392D5000
(1708736757.875509) can0 612#F122004F00FFFFFF
(1708736757.904381) can0 6F1#120221F000000000
(1708736757.924292) can0 612#F1100E61F000464F
(1708736757.924930) can0 6F1#1230000000000000
(1708736757.925188) can0 612#F12130F3392D5000
(1708736757.925436) can0 612#F122004F00FFFFFF
(1708736757.952821) can0 130#45FFFDFFFF
(1708736757.953891) can0 6F1#120221F000000000
(1708736757.974275) can0 612#F1100E61F000464F
(1708736757.974921) can0 6F1#1230000000000000
(1708736757.975214) can0 612#F12130F3392D5000
(1708736757.975460) can0 612#F122004F00FFFFFF
(1708736758.004357) can0 6F1#120221F000000000
(1708736758.024329) can0 612#F1100E61F000464F
(1708736758.024978) can0 6F1#1230000000000000
(1708736758.025238) can0 612#F12130F3392D5000
(1708736758.025484) can0 612#F122004F00FFFFFF
(1708736758.052886) can0 130#45FFFDFFFF
(1708736758.066087) can0 6F1#120221F000000000
(1708736758.084308) can0 612#F1100E61F000464F
(1708736758.084948) can0 6F1#1230000000000000
(1708736758.085244) can0 612#F12130F3392D5000
(1708736758.085488) can0 612#F122004F00FFFFFF
(1708736758.152873) can0 130#45FFFDFFFF
(1708736758.153261) can0 6F1#120221F000000000
(1708736758.164237) can0 612#F1100E61F000464F
(1708736758.164934) can0 6F1#1230000000000000
(1708736758.165201) can0 612#F12130F3392D5000
(1708736758.165447) can0 612#F122004F00FFFFFF
(1708736758.202945) can0 6F1#120221F000000000
(1708736758.214290) can0 612#F1100E61F000464F
(1708736758.214932) can0 6F1#1230000000000000
(1708736758.215228) can0 612#F12130F3392D5000
(1708736758.215470) can0 612#F122004F00FFFFFF
(1708736758.252909) can0 6F1#120221F000000000
(1708736758.253197) can0 130#45FFFDFFFF
(1708736758.264244) can0 612#F1100E61F000464F
(1708736758.264926) can0 6F1#1230000000000000
(1708736758.265240) can0 612#F12130F3392D5000
(1708736758.265500) can0 612#F122004F00FFFFFF
(1708736758.303400) can0 6F1#120221F000000000
(1708736758.314313) can0 612#F1100E61F000464F
(1708736758.314958) can0 6F1#1230000000000000
(1708736758.315220) can0 612#F12130F3392D5000
(1708736758.315465) can0 612#F122004F00FFFFFF
(1708736758.352920) can0 6F1#120221F000000000
(1708736758.353209) can0 130#45FFFDFFFF
(1708736758.364279) can0 612#F1100E61F000464F
(1708736758.364936) can0 6F1#1230000000000000
(1708736758.365229) can0 612#F12130F3392D5000
(1708736758.365510) can0 612#F122004F00FFFFFF
(1708736758.402346) can0 6F1#120221F000000000
(1708736758.414278) can0 612#F1100E61F000464F
(1708736758.414938) can0 6F1#1230000000000000
(1708736758.415230) can0 612#F12130F3392D5000
(1708736758.415475) can0 612#F122004F00FFFFFF
(1708736758.452859) can0 130#45FFFDFFFF
(1708736758.453164) can0 6F1#120221F000000000
(1708736758.464311) can0 612#F1100E61F000464F
(1708736758.464952) can0 6F1#1230000000000000
(1708736758.465214) can0 612#F12130F3392D5000
(1708736758.465471) can0 612#F122004F00FFFFFF
(1708736758.502246) can0 6F1#120221F000000000
(1708736758.514291) can0 612#F1100E61F000464F
(1708736758.514932) can0 6F1#1230000000000000
(1708736758.515191) can0 612#F12130F3392D5000
(1708736758.515449) can0 612#F122004F00FFFFFF
(1708736758.552873) can0 130#45FFFDFFFF
(1708736758.553170) can0 6F1#120221F000000000
(1708736758.564277) can0 612#F1100E61F000464F
(1708736758.564945) can0 6F1#1230000000000000
(1708736758.565248) can0 612#F12130F3392D5000
(1708736758.565491) can0 612#F122004F00FFFFFF
(1708736758.603314) can0 6F1#120221F000000000
(1708736758.614311) can0 612#F1100E61F000464F
(1708736758.614954) can0 6F1#1230000000000000
(1708736758.615212) can0 612#F12130F3392D5000
(1708736758.615466) can0 612#F122004F00FFFFFF
(1708736758.652542) can0 6F1#120221F000000000
(1708736758.652866) can0 130#45FFFDFFFF
(1708736758.664283) can0 612#F1100E61F000464F
(1708736758.664940) can0 6F1#1230000000000000
(1708736758.665249) can0 612#F12130F3392D5000
(1708736758.665503) can0 612#F122004F00FFFFFF
(1708736758.702390) can0 6F1#120221F000000000
(1708736758.714315) can0 612#F1100E61F000464F
(1708736758.714958) can0 6F1#1230000000000000
(1708736758.715220) can0 612#F12130F3392D5000
(1708736758.715465) can0 612#F122004F00FFFFFF
(1708736758.752899) can0 130#45FFFDFFFF
(1708736758.808676) can0 6F1#120221F000000000
(1708736758.824300) can0 612#F1100E61F000464F
(1708736758.824947) can0 6F1#1230000000000000
(1708736758.825197) can0 612#F12130F3392D5000
(1708736758.825444) can0 612#F122004F00FFFFFF
(1708736758.852901) can0 130#45FFFDFFFF
(1708736758.891196) can0 6F1#120221F000000000
(1708736758.904311) can0 612#F1100E61F000464F
(1708736758.904952) can0 6F1#1230000000000000
(1708736758.905211) can0 612#F12130F3392D5000
(1708736758.905458) can0 612#F122004F00FFFFFF
(1708736758.952434) can0 6F1#120221F000000000
(1708736758.952819) can0 130#45FFFDFFFF
(1708736758.964283) can0 612#F1100E61F000464F
(1708736758.964943) can0 6F1#1230000000000000
(1708736758.965235) can0 612#F12130F3392D5000
(1708736758.965515) can0 612#F122004F00FFFFFF
(1708736759.002054) can0 6F1#120221F000000000
(1708736759.014315) can0 612#F1100E61F000464F
(1708736759.014960) can0 6F1#1230000000000000
(1708736759.015217) can0 612#F12130F3392D5000
(1708736759.015464) can0 612#F122004F00FFFFFF
(1708736759.051845) can0 6F1#120221F000000000
(1708736759.052985) can0 130#45FFFDFFFF
(1708736759.064224) can0 612#F1100E61F000464F
(1708736759.064912) can0 6F1#1230000000000000
(1708736759.065183) can0 612#F12130F3392D5000
(1708736759.065432) can0 612#F122004F00FFFFFF
(1708736759.101533) can0 6F1#120221F000000000
(1708736759.114275) can0 612#F1100E61F000464F
(1708736759.114905) can0 6F1#1230000000000000
(1708736759.115176) can0 612#F12130F3392D5000
(1708736759.115418) can0 612#F122004F00FFFFFF
(1708736759.151261) can0 6F1#120221F000000000
(1708736759.153010) can0 130#45FFFDFFFF
(1708736759.164282) can0 612#F1100E61F000464F
(1708736759.164955) can0 6F1#1230000000000000
(1708736759.165275) can0 612#F12130F3392D5000
(1708736759.165521) can0 612#F122004F00FFFFFF
(1708736759.201609) can0 6F1#120221F000000000
(1708736759.214290) can0 612#F1100E61F000464F
(1708736759.214949) can0 6F1#1230000000000000
(1708736759.215256) can0 612#F12130F3392D5000
(1708736759.215510) can0 612#F122004F00FFFFFF
(1708736759.250546) can0 6F1#120221F000000000
(1708736759.253140) can0 130#45FFFDFFFF
(1708736759.264282) can0 612#F1100E61F000464F
(1708736759.264941) can0 6F1#1230000000000000
(1708736759.265253) can0 612#F12130F339255000
(1708736759.265499) can0 612#F122004F00FFFFFF
(1708736759.301503) can0 6F1#120221F000000000
(1708736759.314288) can0 612#F1100E61F000464F
(1708736759.314948) can0 6F1#1230000000000000
(1708736759.315255) can0 612#F12130F3392D5000
(1708736759.315502) can0 612#F122004F00FFFFFF
(1708736759.351365) can0 6F1#120221F000000000
(1708736759.352933) can0 130#45FFFDFFFF
(1708736759.364283) can0 612#F1100E61F000464F
(1708736759.364953) can0 6F1#1230000000000000
(1708736759.365205) can0 612#F12130F3392D5000
(1708736759.365457) can0 612#F122004F00FFFFFF
(1708736759.400629) can0 6F1#120221F000000000
(1708736759.414325) can0 612#F1100E61F000464F
(1708736759.414973) can0 6F1#1230000000000000
(1708736759.415236) can0 612#F12130F3392D5000
(1708736759.415481) can0 612#F122004F00FFFFFF
(1708736759.450057) can0 6F1#120221F000000000
(1708736759.452959) can0 130#45FFFDFFFF
(1708736759.464291) can0 612#F1100E61F000464F
(1708736759.464952) can0 6F1#1230000000000000
(1708736759.465244) can0 612#F12130F3392D5000
(1708736759.465489) can0 612#F122004F00FFFFFF
(1708736759.500403) can0 6F1#120221F000000000
(1708736759.514318) can0 612#F1100E61F000464F
(1708736759.514966) can0 6F1#1230000000000000
(1708736759.515228) can0 612#F12130F3392D5000
(1708736759.515473) can0 612#F122004F00FFFFFF
(1708736759.550161) can0 6F1#120221F000000000
(1708736759.552952) can0 130#45FFFDFFFF
(1708736759.564284) can0 612#F1100E61F000464F
(1708736759.564942) can0 6F1#1230000000000000
(1708736759.565233) can0 612#F12130F3392D5000
(1708736759.565519) can0 612#F122004F00FFFFFF
(1708736759.599857) can0 6F1#120221F000000000
(1708736759.614325) can0 612#F1100E61F000464F
(1708736759.614972) can0 6F1#1230000000000000
(1708736759.615233) can0 612#F12130F3392D5000
(1708736759.615481) can0 612#F122004F00FFFFFF
(1708736759.651085) can0 6F1#120221F000000000
(1708736759.653171) can0 130#45FFFDFFFF
(1708736759.664282) can0 612#F1100E61F000464F
(1708736759.664947) can0 6F1#1230000000000000
(1708736759.665243) can0 612#F12130F3392D5000
(1708736759.665498) can0 612#F122004F00FFFFFF
(1708736759.700389) can0 6F1#120221F000000000
(1708736759.714290) can0 612#F1100E61F000464F
(1708736759.714962) can0 6F1#1230000000000000
(1708736759.715262) can0 612#F12130F3392D5000
(1708736759.715511) can0 612#F122004F00FFFFFF
(1708736759.750080) can0 6F1#120221F000000000
(1708736759.752942) can0 130#45FFFDFFFF
(1708736759.764280) can0 612#F1100E61F000464F
(1708736759.764963) can0 6F1#1230000000000000
(1708736759.765227) can0 612#F12130F3392D5000
(1708736759.765477) can0 612#F122004F00FFFFFF
(1708736759.799787) can0 6F1#120221F000000000
(1708736759.814291) can0 612#F1100E61F000464F
(1708736759.814958) can0 6F1#1230000000000000
(1708736759.815244) can0 612#F12130F3392D5000
(1708736759.815523) can0 612#F122004F00FFFFFF
(1708736759.849435) can0 6F1#120221F000000000
(1708736759.852905) can0 130#45FFFDFFFF
(1708736759.864289) can0 612#F1100E61F000464F
(1708736759.864951) can0 6F1#1230000000000000
(1708736759.865244) can0 612#F12130F3392D5000
(1708736759.865502) can0 612#F122004F00FFFFFF
(1708736759.900312) can0 6F1#120221F000000000
(1708736759.914316) can0 612#F1100E61F000464F
(1708736759.914965) can0 6F1#1230000000000000
(1708736759.915211) can0 612#F12130F3392D5000
(1708736759.915456) can0 612#F122004F00FFFFFF
(1708736759.949048) can0 6F1#120221F000000000
(1708736759.952881) can0 130#45FFFDFFFF
(1708736759.964313) can0 612#F1100E61F000464F
(1708736759.964952) can0 6F1#1230000000000000
(1708736759.965249) can0 612#F12130F3392D5000
(1708736759.965498) can0 612#F122004F00FFFFFF
(1708736759.999122) can0 6F1#120221F000000000
(1708736760.014328) can0 612#F1100E61F000464F
(1708736760.014973) can0 6F1#1230000000000000
(1708736760.015267) can0 612#F12130F3392D5000
(1708736760.015513) can0 612#F122004F00FFFFFF
(1708736760.049177) can0 6F1#120221F000000000
(1708736760.052901) can0 130#45FFFDFFFF
(1708736760.064326) can0 612#F1100E61F000464F
(1708736760.064966) can0 6F1#1230000000000000
(1708736760.065265) can0 612#F12130F3392D5000
(1708736760.065515) can0 612#F122004F00FFFFFF
(1708736760.098945) can0 6F1#120221F000000000
(1708736760.114312) can0 612#F1100E61F000464F
(1708736760.114961) can0 6F1#1230000000000000
(1708736760.115208) can0 612#F12130F3392D5000
(1708736760.115452) can0 612#F122004F00FFFFFF
(1708736760.148955) can0 6F1#120221F000000000
(1708736760.152894) can0 130#45FFFDFFFF
(1708736760.164310) can0 612#F1100E61F000464F
(1708736760.164967) can0 6F1#1230000000000000
(1708736760.165215) can0 612#F12130F3392D5000
(1708736760.165460) can0 612#F122004F00FFFFFF
(1708736760.199876) can0 6F1#120221F000000000
(1708736760.214295) can0 612#F1100E61F000464F
(1708736760.214963) can0 6F1#1230000000000000
(1708736760.215210) can0 612#F12130F3392D5000
(1708736760.215455) can0 612#F122004F00FFFFFF
(1708736760.249446) can0 6F1#120221F000000000
(1708736760.252910) can0 130#45FFFDFFFF
(1708736760.264318) can0 612#F1100E61F000464F
(1708736760.264962) can0 6F1#1230000000000000
(1708736760.265254) can0 612#F12130F3392D5000
(1708736760.265499) can0 612#F122004F00FFFFFF
(1708736760.298337) can0 6F1#120221F000000000
(1708736760.314324) can0 612#F1100E61F000464E
(1708736760.314962) can0 6F1#1230000000000000
(1708736760.315255) can0 612#F12130F3392D5000
(1708736760.315502) can0 612#F122004E00FFFFFF
(1708736760.348098) can0 6F1#120221F000000000
(1708736760.352880) can0 130#45FFFDFFFF
(1708736760.364328) can0 612#F1100E61F000464E
(1708736760.364980) can0 6F1#1230000000000000
(1708736760.365226) can0 612#F12130F3392D5000
(1708736760.365491) can0 612#F122004E00FFFFFF
(1708736760.399355) can0 6F1#120221F000000000
(1708736760.414294) can0 612#F1100E61F000464F
(1708736760.414957) can0 6F1#1230000000000000
(1708736760.415246) can0 612#F12130F3392D5000
(1708736760.415501) can0 612#F122004F00FFFFFF
(1708736760.448065) can0 6F1#120221F000000000
(1708736760.452908) can0 130#45FFFDFFFF
(1708736760.464322) can0 612#F1100E61F000464F
(1708736760.464967) can0 6F1#1230000000000000
(1708736760.465229) can0 612#F12130F3392D5000
(1708736760.465477) can0 612#F122004F00FFFFFF
(1708736760.498964) can0 6F1#120221F000000000
(1708736760.514323) can0 612#F1100E61F000464F
(1708736760.514968) can0 6F1#1230000000000000
(1708736760.515264) can0 612#F12130F3392D5000
(1708736760.515510) can0 612#F122004F00FFFFFF
(1708736760.548661) can0 6F1#120221F000000000
(1708736760.552906) can0 130#45FFFDFFFF
(1708736760.564342) can0 612#F1100E61F000464F
(1708736760.564980) can0 6F1#1230000000000000
(1708736760.565278) can0 612#F12130F3392D5000
(1708736760.565523) can0 612#F122004F00FFFFFF
(1708736760.597868) can0 6F1#120221F000000000
(1708736760.614322) can0 612#F1100E61F000464F
(1708736760.614966) can0 6F1#1230000000000000
(1708736760.615227) can0 612#F12130F3392D5000
(1708736760.615478) can0 612#F122004F00FFFFFF
(1708736760.648300) can0 6F1#120221F000000000
(1708736760.652954) can0 130#45FFFDFFFF
(1708736760.664322) can0 612#F1100E61F000464F
(1708736760.664970) can0 6F1#1230000000000000
(1708736760.665227) can0 612#F12130F3392D5000
(1708736760.665472) can0 612#F122004F00FFFFFF
(1708736760.697789) can0 6F1#120221F000000000
(1708736760.714317) can0 612#F1100E61F000464F
(1708736760.714959) can0 6F1#1230000000000000
(1708736760.715251) can0 612#F12130F3392D5000
(1708736760.715529) can0 612#F122004F00FFFFFF
(1708736760.748273) can0 6F1#120221F000000000
(1708736760.752972) can0 130#45FFFDFFFF
(1708736760.764319) can0 612#F1100E61F000464F
(1708736760.764973) can0 6F1#1230000000000000
(1708736760.765225) can0 612#F12130F3392D5000
(1708736760.765470) can0 612#F122004F00FFFFFF
(1708736760.797077) can0 6F1#120221F000000000
(1708736760.814574) can0 612#F1100E61F000464E
(1708736760.815217) can0 6F1#1230000000000000
(1708736760.815474) can0 612#F12130F3392D5000
(1708736760.815718) can0 612#F122004E00FFFFFF
(1708736760.847284) can0 6F1#120221F000000000
(1708736760.852936) can0 130#45FFFDFFFF
(1708736760.864335) can0 612#F1100E61F000464E
(1708736760.864982) can0 6F1#1230000000000000
(1708736760.865243) can0 612#F12130F3392D5000
(1708736760.865490) can0 612#F122004E00FFFFFF
(1708736760.898075) can0 6F1#120221F000000000
(1708736760.914332) can0 612#F1100E61F000464F
(1708736760.914976) can0 6F1#1230000000000000
(1708736760.915237) can0 612#F12130F3392D5000
(1708736760.915485) can0 612#F122004F00FFFFFF
(1708736760.947169) can0 6F1#120221F000000000
(1708736760.952901) can0 130#45FFFDFFFF
(1708736760.964285) can0 612#F1100E61F000464F
(1708736760.964963) can0 6F1#1230000000000000
(1708736760.965227) can0 612#F12130F3392D5000
(1708736760.965479) can0 612#F122004F00FFFFFF
(1708736761.013882) can0 6F1#120221F000000000
(1708736761.024351) can0 612#F1100E61F000464F
(1708736761.024983) can0 6F1#1230000000000000
(1708736761.025232) can0 612#F12130F3392D5000
(1708736761.025476) can0 612#F122004F00FFFFFF
(1708736761.052961) can0 130#45FFFDFFFF
(1708736761.152790) can0 130#45FFFDFFFF
(1708736761.180739) can0 6F1#120221F000000000
(1708736761.194224) can0 612#F1100E61F000464F
(1708736761.194881) can0 6F1#1230000000000000
(1708736761.195093) can0 612#F12130F339255000
(1708736761.195406) can0 612#F122004F00FFFFFF
(1708736761.245991) can0 6F1#120221F000000000
(1708736761.252838) can0 130#45FFFDFFFF
(1708736761.264241) can0 612#F1100E61F000464F
(1708736761.264882) can0 6F1#1230000000000000
(1708736761.265092) can0 612#F12130F3392D5000
(1708736761.265423) can0 612#F122004F00FFFFFF
(1708736761.296235) can0 6F1#120221F000000000
(1708736761.314225) can0 612#F1100E61F000464F
(1708736761.314869) can0 6F1#1230000000000000
(1708736761.315081) can0 612#F12130F3392D5000
(1708736761.315409) can0 612#F122004F00FFFFFF
(1708736761.346461) can0 6F1#120221F000000000
(1708736761.352828) can0 130#45FFFDFFFF
(1708736761.364245) can0 612#F1100E61F000464F
(1708736761.364899) can0 6F1#1230000000000000
(1708736761.365112) can0 612#F12130F3392D5000
(1708736761.365423) can0 612#F122004F00FFFFFF
(1708736761.395559) can0 6F1#120221F000000000
(1708736761.414242) can0 612#F1100E61F000464F
(1708736761.414895) can0 6F1#1230000000000000
(1708736761.415108) can0 612#F12130F3392D5000
(1708736761.415423) can0 612#F122004F00FFFFFF
(1708736761.445857) can0 6F1#120221F000000000
(1708736761.452848) can0 130#45FFFDFFFF
(1708736761.464218) can0 612#F1100E61F000464F
(1708736761.464878) can0 6F1#1230000000000000
(1708736761.465094) can0 612#F12130F3392D5000
(1708736761.465408) can0 612#F122004F00FFFFFF
(1708736761.495995) can0 6F1#120221F000000000
(1708736761.514225) can0 612#F1100E61F000464F
(1708736761.514863) can0 6F1#1230000000000000
(1708736761.515080) can0 612#F12130F3392D5000
(1708736761.515409) can0 612#F122004F00FFFFFF
(1708736761.546248) can0 6F1#120221F000000000
(1708736761.552822) can0 130#45FFFDFFFF
(1708736761.564242) can0 612#F1100E61F000464F
(1708736761.564881) can0 6F1#1230000000000000
(1708736761.565094) can0 612#F12130F3392D5000
(1708736761.565435) can0 612#F122004F00FFFFFF
(1708736761.596488) can0 6F1#120221F000000000
(1708736761.614224) can0 612#F1100E61F000464F
(1708736761.614863) can0 6F1#1230000000000000
(1708736761.615079) can0 612#F12130F3392D5000
(1708736761.615410) can0 612#F122004F00FFFFFF
(1708736761.645569) can0 6F1#120221F000000000
(1708736761.652857) can0 130#45FFFDFFFF
(1708736761.664223) can0 612#F1100E61F000464F
(1708736761.664867) can0 6F1#1230000000000000
(1708736761.665083) can0 612#F12130F3392D5000
(1708736761.665415) can0 612#F122004F00FFFFFF
(1708736761.695739) can0 6F1#120221F000000000
(1708736761.714226) can0 612#F1100E61F000464F
(1708736761.714882) can0 6F1#1230000000000000
(1708736761.715098) can0 612#F12130F3392D5000
(1708736761.715408) can0 612#F122004F00FFFFFF
(1708736761.745660) can0 6F1#120221F000000000
(1708736761.752829) can0 130#45FFFDFFFF
(1708736761.764224) can0 612#F1100E61F000464F
(1708736761.764878) can0 6F1#1230000000000000
(1708736761.765090) can0 612#F12130F3392D5000
(1708736761.765409) can0 612#F122004F00FFFFFF
(1708736761.795265) can0 6F1#120221F000000000
(1708736761.814335) can0 612#F1100E61F000464F
(1708736761.814982) can0 6F1#1230000000000000
(1708736761.815233) can0 612#F12130F3392D5000
(1708736761.815480) can0 612#F122004F00FFFFFF
(1708736761.845109) can0 6F1#120221F000000000
(1708736761.852919) can0 130#45FFFDFFFF
(1708736761.864316) can0 612#F1100E61F000464F
(1708736761.864958) can0 6F1#1230000000000000
(1708736761.865260) can0 612#F12130F3392D5000
(1708736761.865509) can0 612#F122004F00FFFFFF
(1708736761.895164) can0 6F1#120221F000000000
(1708736761.914306) can0 612#F1100E61F000464F
(1708736761.914974) can0 6F1#1230000000000000
(1708736761.915226) can0 612#F12130F3392D5000
(1708736761.915479) can0 612#F122004F00FFFFFF
(1708736761.945198) can0 6F1#120221F000000000
(1708736761.952939) can0 130#45FFFDFFFF
(1708736761.964330) can0 612#F1100E61F000464F
(1708736761.964970) can0 6F1#1230000000000000
(1708736761.965233) can0 612#F12130F3392D5000
(1708736761.965485) can0 612#F122004F00FFFFFF
(1708736761.994700) can0 6F1#120221F000000000
(1708736762.014305) can0 612#F1100E61F000464F
(1708736762.014960) can0 6F1#1230000000000000
(1708736762.015254) can0 612#F12130F3392D5000
(1708736762.015512) can0 612#F122004F00FFFFFF
(1708736762.044778) can0 6F1#120221F000000000
(1708736762.052977) can0 130#45FFFDFFFF
(1708736762.064330) can0 612#F1100E61F000464F
(1708736762.064976) can0 6F1#1230000000000000
(1708736762.065222) can0 612#F12130F3392D5000
(1708736762.065471) can0 612#F122004F00FFFFFF
(1708736762.094727) can0 6F1#120221F000000000
(1708736762.114302) can0 612#F1100E61F000464F
(1708736762.114967) can0 6F1#1230000000000000
(1708736762.115261) can0 612#F12130F3392D5000
(1708736762.115510) can0 612#F122004F00FFFFFF
(1708736762.144557) can0 6F1#120221F000000000
(1708736762.152930) can0 130#45FFFDFFFF
(1708736762.164319) can0 612#F1100E61F000464F
(1708736762.164961) can0 6F1#1230000000000000
(1708736762.165257) can0 612#F12130F3392D5000
(1708736762.165503) can0 612#F122004F00FFFFFF
(1708736762.193821) can0 6F1#120221F000000000
(1708736762.204315) can0 612#F1100E61F000464F
(1708736762.204951) can0 6F1#1230000000000000
(1708736762.205242) can0 612#F12130F3392D5000
(1708736762.205526) can0 612#F122004F00FFFFFF
(1708736762.244356) can0 6F1#120221F000000000
(1708736762.252940) can0 130#45FFFDFFFF
(1708736762.264329) can0 612#F1100E61F000464F
(1708736762.264974) can0 6F1#1230000000000000
(1708736762.265234) can0 612#F12130F3392D5000
(1708736762.265482) can0 612#F122004F00FFFFFF
(1708736762.293944) can0 6F1#120221F000000000
(1708736762.314325) can0 612#F1100E61F000464E
(1708736762.314971) can0 6F1#1230000000000000
(1708736762.315218) can0 612#F12130F3392D5000
(1708736762.315461) can0 612#F122004E00FFFFFF
(1708736762.343734) can0 6F1#120221F000000000
(1708736762.352936) can0 130#45FFFDFFFF
(1708736762.354535) can0 612#F1100E61F000464E
(1708736762.354986) can0 6F1#1230000000000000
(1708736762.355276) can0 612#F12130F3392D5000
(1708736762.355559) can0 612#F122004E00FFFFFF
(1708736762.394378) can0 6F1#120221F000000000
(1708736762.414324) can0 612#F1100E61F000464F
(1708736762.414970) can0 6F1#1230000000000000
(1708736762.415218) can0 612#F12130F3392D5000
(1708736762.415463) can0 612#F122004F00FFFFFF
(1708736762.444120) can0 6F1#120221F000000000
(1708736762.453018) can0 130#45FFFDFFFF
(1708736762.464336) can0 612#F1100E61F000464F
(1708736762.464982) can0 6F1#1230000000000000
(1708736762.465228) can0 612#F12130F3392D5000
(1708736762.465475) can0 612#F122004F00FFFFFF
(1708736762.493818) can0 6F1#120221F000000000
(1708736762.504329) can0 612#F1100E61F000464F
(1708736762.504983) can0 6F1#1230000000000000
(1708736762.505233) can0 612#F12130F3392D5000
(1708736762.505481) can0 612#F122004F00FFFFFF
(1708736762.544377) can0 6F1#120221F000000000
(1708736762.552919) can0 130#45FFFDFFFF
(1708736762.564332) can0 612#F1100E61F000464F
(1708736762.564981) can0 6F1#1230000000000000
(1708736762.565229) can0 612#F12130F3392D5000
(1708736762.565491) can0 612#F122004F00FFFFFF
(1708736762.594128) can0 6F1#120221F000000000
(1708736762.614332) can0 612#F1100E61F000464F
(1708736762.614971) can0 6F1#1230000000000000
(1708736762.615218) can0 612#F12130F3392D5000
(1708736762.615465) can0 612#F122004F00FFFFFF
(1708736762.642966) can0 6F1#120221F000000000
(1708736762.652936) can0 130#45FFFDFFFF
(1708736762.654505) can0 612#F1100E61F000464F
(1708736762.654942) can0 6F1#1230000000000000
(1708736762.655416) can0 612#F12130F3392D5000
(1708736762.655670) can0 612#F122004F00FFFFFF
(1708736762.693127) can0 6F1#120221F000000000
(1708736762.704329) can0 612#F1100E61F000464F
(1708736762.704970) can0 6F1#1230000000000000
(1708736762.705265) can0 612#F12130F3392D5000
(1708736762.705509) can0 612#F122004F00FFFFFF
(1708736762.743127) can0 6F1#120221F000000000
(1708736762.752973) can0 130#45FFFDFFFF
(1708736762.754401) can0 612#F1100E61F000464F
(1708736762.754913) can0 6F1#1230000000000000
(1708736762.755208) can0 612#F12130F3392D5000
(1708736762.755499) can0 612#F122004F00FFFFFF
(1708736762.793341) can0 6F1#120221F000000000
(1708736762.804333) can0 612#F1100E61F000464E
(1708736762.804976) can0 6F1#1230000000000000
(1708736762.805234) can0 612#F12130F3392D5000
(1708736762.805480) can0 612#F122004E00FFFFFF
(1708736762.842758) can0 6F1#120221F000000000
(1708736762.852970) can0 130#45FFFDFFFF
(1708736762.854542) can0 612#F1100E61F000464E
(1708736762.855112) can0 6F1#1230000000000000
(1708736762.855379) can0 612#F12130F3392D5000
(1708736762.855621) can0 612#F122004E00FFFFFF
(1708736762.893294) can0 6F1#120221F000000000
(1708736762.904323) can0 612#F1100E61F000464F
(1708736762.904961) can0 6F1#1230000000000000
(1708736762.905255) can0 612#F12130F3392D5000
(1708736762.905501) can0 612#F122004F00FFFFFF
(1708736762.942518) can0 6F1#120221F000000000
(1708736762.952943) can0 130#45FFFDFFFF
(1708736762.954367) can0 612#F1100E61F000464F
(1708736762.954928) can0 6F1#1230000000000000
(1708736762.955229) can0 612#F12130F3392D5000
(1708736762.955513) can0 612#F122004F00FFFFFF
(1708736762.992740) can0 6F1#120221F000000000
(1708736763.004298) can0 612#F1100E61F000464F
(1708736763.004965) can0 6F1#1230000000000000
(1708736763.005257) can0 612#F12130F3392D5000
(1708736763.005541) can0 612#F122004F00FFFFFF
(1708736763.042651) can0 6F1#120221F000000000
(1708736763.052968) can0 130#45FFFDFFFF
(1708736763.054558) can0 612#F1100E61F000464F
(1708736763.055053) can0 6F1#1230000000000000
(1708736763.055317) can0 612#F12130F3392D5000
(1708736763.055561) can0 612#F122004F00FFFFFF
(1708736763.092801) can0 6F1#120221F000000000
(1708736763.104332) can0 612#F1100E61F000464F
(1708736763.104973) can0 6F1#1230000000000000
(1708736763.105267) can0 612#F12130F3392D5000
(1708736763.105515) can0 612#F122004F00FFFFFF
(1708736763.142455) can0 6F1#120221F000000000
(1708736763.152938) can0 130#45FFFDFFFF
(1708736763.154368) can0 612#F1100E61F000464F
(1708736763.154943) can0 6F1#1230000000000000
(1708736763.155241) can0 612#F12130F3392D5000
(1708736763.155523) can0 612#F122004F00FFFFFF
(1708736763.192153) can0 6F1#120221F000000000
(1708736763.204331) can0 612#F1100E61F000464F
(1708736763.204973) can0 6F1#1230000000000000
(1708736763.205265) can0 612#F12130F3392D5000
(1708736763.205509) can0 612#F122004F00FFFFFF
(1708736763.242609) can0 6F1#120221F000000000
(1708736763.252980) can0 130#45FFFDFFFF
(1708736763.254313) can0 612#F1100E61F000464F
(1708736763.254960) can0 6F1#1230000000000000
(1708736763.255250) can0 612#F12130F3392D5000
(1708736763.255709) can0 612#F122004F00FFFFFF
(1708736763.291696) can0 6F1#120221F000000000
(1708736763.304332) can0 612#F1100E61F000464F
(1708736763.304987) can0 6F1#1230000000000000
(1708736763.305246) can0 612#F12130F3392D5000
(1708736763.305491) can0 612#F122004F00FFFFFF
(1708736763.341846) can0 6F1#120221F000000000
(1708736763.352959) can0 130#45FFFDFFFF
(1708736763.354391) can0 612#F1100E61F000464F
(1708736763.354957) can0 6F1#1230000000000000
(1708736763.355248) can0 612#F12130F3392D5000
(1708736763.355541) can0 612#F122004F00FFFFFF
(1708736763.396858) can0 6F1#120221F000000000
(1708736763.414321) can0 612#F1100E61F000464F
(1708736763.414981) can0 6F1#1230000000000000
(1708736763.415240) can0 612#F12130F3392D5000
(1708736763.415499) can0 612#F122004F00FFFFFF
(1708736763.452998) can0 130#45FFFDFFFF
(1708736763.552955) can0 130#45FFFDFFFF
(1708736763.652972) can0 130#45FFFDFFFF
(1708736763.752963) can0 130#45FFFDFFFF
(1708736763.852994) can0 130#45FFFDFFFF
(1708736763.952938) can0 130#45FFFDFFFF
(1708736764.052980) can0 130#45FFFDFFFF
(1708736764.064212) can0 6F1#120221F000000000
(1708736764.084352) can0 612#F1100E61F000464F
(1708736764.085006) can0 6F1#1230000000000000
(1708736764.085308) can0 612#F12130F3392D5000
(1708736764.085593) can0 612#F122004F00FFFFFF
(1708736764.140105) can0 6F1#120221F000000000
(1708736764.152974) can0 130#45FFFDFFFF
(1708736764.154389) can0 612#F1100E61F000464F
(1708736764.155238) can0 6F1#1230000000000000
(1708736764.155490) can0 612#F12130F3392D5000
(1708736764.155744) can0 612#F122004F00FFFFFF
(1708736764.199441) can0 6F1#120221F000000000
(1708736764.214353) can0 612#F1100E61F000464E
(1708736764.215000) can0 6F1#1230000000000000
(1708736764.215293) can0 612#F12130F3392D5000
(1708736764.215542) can0 612#F122004E00FFFFFF
(1708736764.252983) can0 130#45FFFDFFFF
(1708736764.328870) can0 6F1#120221F000000000
(1708736764.344336) can0 612#F1100E61F000464F
(1708736764.344973) can0 6F1#1230000000000000
(1708736764.345253) can0 612#F12130F3392D5000
(1708736764.345534) can0 612#F122004F00FFFFFF
(1708736764.352980) can0 130#45FFFDFFFF
(1708736764.389403) can0 6F1#120221F000000000
(1708736764.404349) can0 612#F1100E61F000464F
(1708736764.404991) can0 6F1#1230000000000000
(1708736764.405290) can0 612#F12130F339255000
(1708736764.405537) can0 612#F122004F00FFFFFF
(1708736764.452986) can0 130#45FFFDFFFF
(1708736764.455518) can0 6F1#120221F000000000
(1708736764.474354) can0 612#F1100E61F000464F
(1708736764.475001) can0 6F1#1230000000000000
(1708736764.475257) can0 612#F12130F3392D5000
(1708736764.475511) can0 612#F122004F00FFFFFF
(1708736764.552954) can0 130#45FFFDFFFF
(1708736764.580572) can0 6F1#120221F000000000
(1708736764.594359) can0 612#F1100E61F000464F
(1708736764.595013) can0 6F1#1230000000000000
(1708736764.595276) can0 612#F12130F3392D5000
(1708736764.595522) can0 612#F122004F00FFFFFF
(1708736764.646521) can0 6F1#120221F000000000
(1708736764.653027) can0 130#45FFFDFFFF
(1708736764.664363) can0 612#F1100E61F000464F
(1708736764.664989) can0 6F1#1230000000000000
(1708736764.665274) can0 612#F12130F3392D5000
(1708736764.665516) can0 612#F122004F00FFFFFF
(1708736764.752983) can0 130#45FFFDFFFF
(1708736764.801818) can0 6F1#120221F000000000
(1708736764.814313) can0 612#F1100E61F000464F
(1708736764.814976) can0 6F1#1230000000000000
(1708736764.815283) can0 612#F12130F3392D5000
(1708736764.815530) can0 612#F122004F00FFFFFF
(1708736764.853015) can0 130#45FFFDFFFF
(1708736764.888266) can0 6F1#120221F000000000
(1708736764.904353) can0 612#F1100E61F000464F
(1708736764.904998) can0 6F1#1230000000000000
(1708736764.905270) can0 612#F12130F3392D5000
(1708736764.905530) can0 612#F122004F00FFFFFF
(1708736764.952999) can0 130#45FFFDFFFF
(1708736765.052983) can0 130#45FFFDFFFF
(1708736765.064341) can0 6F1#120221F000000000
(1708736765.084362) can0 612#F1100E61F000464F
(1708736765.085005) can0 6F1#1230000000000000
(1708736765.085313) can0 612#F12130F3392D5000
(1708736765.085609) can0 612#F122004F00FFFFFF
(1708736765.138547) can0 6F1#120221F000000000
(1708736765.152986) can0 130#45FFFDFFFF
(1708736765.154389) can0 612#F1100E61F000464F
(1708736765.155151) can0 6F1#1230000000000000
(1708736765.155403) can0 612#F12130F3392D5000
(1708736765.155648) can0 612#F122004F00FFFFFF
(1708736765.253002) can0 130#45FFFDFFFF
(1708736765.293578) can0 6F1#120221F000000000
(1708736765.304350) can0 612#F1100E61F000464F
(1708736765.304992) can0 6F1#1230000000000000
(1708736765.305288) can0 612#F12130F3392D5000
(1708736765.305548) can0 612#F122004F00FFFFFF
(1708736765.352968) can0 130#45FFFDFFFF
(1708736765.420898) can0 6F1#120221F000000000
(1708736765.434357) can0 612#F1100E61F000464F
(1708736765.435028) can0 6F1#1230000000000000
(1708736765.435280) can0 612#F12130F3392D5000
(1708736765.435545) can0 612#F122004F00FFFFFF
(1708736765.453009) can0 130#45FFFDFFFF
(1708736765.497602) can0 6F1#120221F000000000
(1708736765.514360) can0 612#F1100E61F000464F
(1708736765.515000) can0 6F1#1230000000000000
(1708736765.515297) can0 612#F12130F3392D5000
(1708736765.515542) can0 612#F122004F00FFFFFF
(1708736765.552975) can0 130#45FFFDFFFF
(1708736765.638872) can0 6F1#120221F000000000
(1708736765.653023) can0 130#45FFFDFFFF
(1708736765.654601) can0 612#F1100E61F000464E
(1708736765.654935) can0 6F1#1230000000000000
(1708736765.655421) can0 612#F12130F3392D5000
(1708736765.655685) can0 612#F122004E00FFFFFF
(1708736765.704645) can0 6F1#120221F000000000
(1708736765.724381) can0 612#F1100E61F000464E
(1708736765.725024) can0 6F1#1230000000000000
(1708736765.725284) can0 612#F12130F3392D5000
(1708736765.725534) can0 612#F122004E00FFFFFF
(1708736765.753000) can0 130#45FFFDFFFF
(1708736765.828102) can0 6F1#120221F000000000
(1708736765.844344) can0 612#F1100E61F000464F
(1708736765.845001) can0 6F1#1230000000000000
(1708736765.845258) can0 612#F12130F3392D5000
(1708736765.845508) can0 612#F122004F00FFFFFF
(1708736765.853033) can0 130#45FFFDFFFF
(1708736765.921955) can0 6F1#120221F000000000
(1708736765.934360) can0 612#F1100E61F000464F
(1708736765.935012) can0 6F1#1230000000000000
(1708736765.935256) can0 612#F12130F3392D5000
(1708736765.935502) can0 612#F122004F00FFFFFF
(1708736765.953013) can0 130#45FFFDFFFF
(1708736765.993539) can0 6F1#120221F000000000
(1708736766.004367) can0 612#F1100E61F000464F
(1708736766.005015) can0 6F1#1230000000000000
(1708736766.005264) can0 612#F12130F3392D5000
(1708736766.005508) can0 612#F122004F00FFFFFF
(1708736766.052998) can0 130#45FFFDFFFF
(1708736766.153007) can0 130#45FFFDFFFF
(1708736766.162513) can0 6F1#120221F000000000
(1708736766.174363) can0 612#F1100E61F000464F
(1708736766.175014) can0 6F1#1230000000000000
(1708736766.175280) can0 612#F12130F3392D5000
(1708736766.175531) can0 612#F122004F00FFFFFF
(1708736766.235049) can0 6F1#120221F000000000
(1708736766.253043) can0 130#45FFFDFFFF
(1708736766.254320) can0 612#F1100E61F000464F
(1708736766.254987) can0 6F1#1230000000000000
(1708736766.255286) can0 612#F12130F3392D5000
(1708736766.255546) can0 612#F122004F00FFFFFF
(1708736766.352993) can0 130#45FFFDFFFF
(1708736766.382523) can0 6F1#120221F000000000
(1708736766.394363) can0 612#F1100E61F000464F
(1708736766.395004) can0 6F1#1230000000000000
(1708736766.395300) can0 612#F12130F3392D5000
(1708736766.395559) can0 612#F122004F00FFFFFF
(1708736766.453030) can0 130#45FFFDFFFF
(1708736766.523157) can0 6F1#120221F000000000
(1708736766.534372) can0 612#F1100E61F000464F
(1708736766.535027) can0 6F1#1230000000000000
(1708736766.535276) can0 612#F12130F3392D5000
(1708736766.535529) can0 612#F122004F00FFFFFF
(1708736766.553018) can0 130#45FFFDFFFF
(1708736766.608508) can0 6F1#120221F000000000
(1708736766.624362) can0 612#F1100E61F000464F
(1708736766.625019) can0 6F1#1230000000000000
(1708736766.625283) can0 612#F12130F3392D5000
(1708736766.625539) can0 612#F122004F00FFFFFF
(1708736766.653047) can0 130#45FFFDFFFF
(1708736766.725473) can0 6F1#120221F000000000
(1708736766.744372) can0 612#F1100E61F000464F
(1708736766.745012) can0 6F1#1230000000000000
(1708736766.745307) can0 612#F12130F339255000
(1708736766.745587) can0 612#F122004F00FFFFFF
(1708736766.753080) can0 130#45FFFDFFFF
(1708736766.797147) can0 6F1#120221F000000000
(1708736766.814372) can0 612#F1100E61F000464F
(1708736766.815014) can0 6F1#1230000000000000
(1708736766.815274) can0 612#F12130F3392D5000
(1708736766.815522) can0 612#F122004F00FFFFFF
(1708736766.853023) can0 130#45FFFDFFFF
(1708736766.921656) can0 6F1#120221F000000000
(1708736766.934376) can0 612#F1100E61F000464F
(1708736766.935015) can0 6F1#1230000000000000
(1708736766.935272) can0 612#F12130F3392D5000
(1708736766.935520) can0 612#F122004F00FFFFFF
(1708736766.953029) can0 130#45FFFDFFFF
(1708736767.002930) can0 6F1#120221F000000000
(1708736767.014377) can0 612#F1100E61F000464F
(1708736767.015036) can0 6F1#1230000000000000
(1708736767.015287) can0 612#F12130F3392D5000
(1708736767.015546) can0 612#F122004F00FFFFFF
(1708736767.053063) can0 130#45FFFDFFFF
(1708736767.153024) can0 130#45FFFDFFFF
(1708736767.170997) can0 6F1#120221F000000000
(1708736767.184334) can0 612#F1100E61F000464E
(1708736767.185002) can0 6F1#1230000000000000
(1708736767.185303) can0 612#F12130F3392D5000
(1708736767.185562) can0 612#F122004E00FFFFFF
(1708736767.253041) can0 130#45FFFDFFFF
(1708736767.309198) can0 6F1#120221F000000000
(1708736767.324369) can0 612#F1100E61F000464F
(1708736767.325012) can0 6F1#1230000000000000
(1708736767.325273) can0 612#F12130F3392D5000
(1708736767.325521) can0 612#F122004F00FFFFFF
(1708736767.353017) can0 130#45FFFDFFFF
(1708736767.397137) can0 6F1#120221F000000000
(1708736767.414364) can0 612#F1100E61F000464F
(1708736767.415010) can0 6F1#1230000000000000
(1708736767.415309) can0 612#F12130F3392D5000
(1708736767.415558) can0 612#F122004F00FFFFFF
(1708736767.453114) can0 130#45FFFDFFFF
(1708736767.522689) can0 6F1#120221F000000000
(1708736767.534356) can0 612#F1100E61F000464F
(1708736767.535015) can0 6F1#1230000000000000
(1708736767.535306) can0 612#F12130F3392D5000
(1708736767.535601) can0 612#F122004F00FFFFFF
(1708736767.553039) can0 130#45FFFDFFFF
(1708736767.622913) can0 6F1#120221F000000000
(1708736767.634355) can0 612#F1100E61F000464F
(1708736767.635016) can0 6F1#1230000000000000
(1708736767.635310) can0 612#F12130F3392D5000
(1708736767.635554) can0 612#F122004F00FFFFFF
(1708736767.653069) can0 130#45FFFDFFFF
(1708736767.753049) can0 130#45FFFDFFFF
(1708736767.761585) can0 6F1#120221F000000000
(1708736767.774396) can0 612#F1100E61F000464F
(1708736767.775046) can0 6F1#1230000000000000
(1708736767.775297) can0 612#F12130F3392D5000
(1708736767.775543) can0 612#F122004F00FFFFFF
(1708736767.839471) can0 6F1#120221F000000000
(1708736767.853055) can0 130#45FFFDFFFF
(1708736767.854372) can0 612#F1100E61F000464F
(1708736767.855029) can0 6F1#1230000000000000
(1708736767.855335) can0 612#F12130F3392D5000
(1708736767.855763) can0 612#F122004F00FFFFFF
(1708736767.953024) can0 130#45FFFDFFFF
(1708736767.971243) can0 6F1#120221F000000000
(1708736767.984380) can0 612#F1100E61F000464F
(1708736767.985029) can0 6F1#1230000000000000
(1708736767.985276) can0 612#F12130F3392D5000
(1708736767.985523) can0 612#F122004F00FFFFFF
(1708736768.043400) can0 6F1#120221F000000000
(1708736768.053061) can0 130#45FFFDFFFF
(1708736768.054352) can0 612#F1100E61F000464F
(1708736768.055018) can0 6F1#1230000000000000
(1708736768.055514) can0 612#F12130F3392D5000
(1708736768.055786) can0 612#F122004F00FFFFFF
(1708736768.153029) can0 130#45FFFDFFFF
(1708736768.186977) can0 6F1#120221F000000000
(1708736768.204383) can0 612#F1100E61F000464F
(1708736768.205034) can0 6F1#1230000000000000
(1708736768.205331) can0 612#F12130F3392D5000
(1708736768.205581) can0 612#F122004F00FFFFFF
(1708736768.252442) can0 6F1#120221F000000000
(1708736768.253051) can0 130#45FFFDFFFF
(1708736768.264371) can0 612#F1100E61F000464F
(1708736768.265030) can0 6F1#1230000000000000
(1708736768.265326) can0 612#F12130F3392D5000
(1708736768.265570) can0 612#F122004F00FFFFFF
(1708736768.353021) can0 130#45FFFDFFFF
(1708736768.360667) can0 6F1#120221F000000000
(1708736768.374354) can0 612#F1100E61F000464F
(1708736768.375014) can0 6F1#1230000000000000
(1708736768.375307) can0 612#F12130F3392D5000
(1708736768.375550) can0 612#F122004F00FFFFFF
(1708736768.430693) can0 6F1#120221F000000000
(1708736768.444371) can0 612#F1100E61F000464E
(1708736768.445017) can0 6F1#1230000000000000
(1708736768.445301) can0 612#F12130F3392D5000
(1708736768.445581) can0 612#F122004E00FFFFFF
(1708736768.453071) can0 130#45FFFDFFFF
(1708736768.553050) can0 130#45FFFDFFFF
(1708736768.568991) can0 6F1#120221F000000000
(1708736768.584385) can0 612#F1100E61F000464F
(1708736768.585027) can0 6F1#1230000000000000
(1708736768.585322) can0 612#F12130F3392D5000
(1708736768.585569) can0 612#F122004F00FFFFFF
(1708736768.635879) can0 6F1#120221F000000000
(1708736768.653081) can0 130#45FFFDFFFF
(1708736768.654376) can0 612#F1100E61F000464F
(1708736768.655057) can0 6F1#1230000000000000
(1708736768.655530) can0 612#F12130F3392D5000
(1708736768.655790) can0 612#F122004F00FFFFFF
(1708736768.729406) can0 6F1#120221F000000000
(1708736768.744386) can0 612#F1100E61F000464F
(1708736768.745033) can0 6F1#1230000000000000
(1708736768.745343) can0 612#F12130F339255000
(1708736768.745590) can0 612#F122004F00FFFFFF
(1708736768.753092) can0 130#45FFFDFFFF
(1708736768.779701) can0 6F1#120221F000000000
(1708736768.794380) can0 612#F1100E61F000464F
(1708736768.795029) can0 6F1#1230000000000000
(1708736768.795310) can0 612#F12130F3392D5000
(1708736768.795590) can0 612#F122004F00FFFFFF
(1708736768.830031) can0 6F1#120221F000000000
(1708736768.844377) can0 612#F1100E61F000464F
(1708736768.845027) can0 6F1#1230000000000000
(1708736768.845311) can0 612#F12130F3392D5000
(1708736768.845593) can0 612#F122004F00FFFFFF
(1708736768.853090) can0 130#45FFFDFFFF
(1708736768.879193) can0 6F1#120221F000000000
(1708736768.894386) can0 612#F1100E61F000464E
(1708736768.895047) can0 6F1#1230000000000000
(1708736768.895342) can0 612#F12130F3392D5000
(1708736768.895619) can0 612#F122004E00FFFFFF
(1708736768.929829) can0 6F1#120221F000000000
(1708736768.944389) can0 612#F1100E61F000464E
(1708736768.945028) can0 6F1#1230000000000000
(1708736768.945321) can0 612#F12130F3392D5000
(1708736768.945606) can0 612#F122004E00FFFFFF
(1708736768.953054) can0 130#45FFFDFFFF
(1708736768.979452) can0 6F1#120221F000000000
(1708736768.994391) can0 612#F1100E61F000464F
(1708736768.995032) can0 6F1#1230000000000000
(1708736768.995327) can0 612#F12130F3392D5000
(1708736768.995570) can0 612#F122004F00FFFFFF
(1708736769.029620) can0 6F1#120221F000000000
(1708736769.044374) can0 612#F1100E61F000464F
(1708736769.045015) can0 6F1#1230000000000000
(1708736769.045271) can0 612#F12130F3392D5000
(1708736769.045520) can0 612#F122004F00FFFFFF
(1708736769.053085) can0 130#45FFFDFFFF
(1708736769.078849) can0 6F1#120221F000000000
(1708736769.094390) can0 612#F1100E61F000464F
(1708736769.095039) can0 6F1#1230000000000000
(1708736769.095288) can0 612#F12130F3392D5000
(1708736769.095531) can0 612#F122004F00FFFFFF
(1708736769.128980) can0 6F1#120221F000000000
(1708736769.144387) can0 612#F1100E61F000464F
(1708736769.145032) can0 6F1#1230000000000000
(1708736769.145327) can0 612#F12130F3392D5000
(1708736769.145609) can0 612#F122004F00FFFFFF
(1708736769.153044) can0 130#45FFFDFFFF
(1708736769.179030) can0 6F1#120221F000000000
(1708736769.194391) can0 612#F1100E61F000464F
(1708736769.195033) can0 6F1#1230000000000000
(1708736769.195331) can0 612#F12130F3392D5000
(1708736769.195578) can0 612#F122004F00FFFFFF
(1708736769.228773) can0 6F1#120221F000000000
(1708736769.244366) can0 612#F1100E61F000464F
(1708736769.245005) can0 6F1#1230000000000000
(1708736769.245299) can0 612#F12130F3392D5000
(1708736769.245576) can0 612#F122004F00FFFFFF
(1708736769.253089) can0 130#45FFFDFFFF
(1708736769.278458) can0 6F1#120221F000000000
(1708736769.294420) can0 612#F1100E61F000464F
(1708736769.295062) can0 6F1#1230000000000000
(1708736769.295321) can0 612#F12130F3392D5000
(1708736769.295569) can0 612#F122004F00FFFFFF
(1708736769.328221) can0 6F1#120221F000000000
(1708736769.344401) can0 612#F1100E61F000464F
(1708736769.345043) can0 6F1#1230000000000000
(1708736769.345339) can0 612#F12130F3392D5000
(1708736769.345589) can0 612#F122004F00FFFFFF
(1708736769.353062) can0 130#45FFFDFFFF
(1708736769.378408) can0 6F1#120221F000000000
(1708736769.394372) can0 612#F1100E61F000464F
(1708736769.395030) can0 6F1#1230000000000000
(1708736769.395322) can0 612#F12130F3392D5000
(1708736769.395570) can0 612#F122004F00FFFFFF
(1708736769.427784) can0 6F1#120221F000000000
(1708736769.444389) can0 612#F1100E61F000464F
(1708736769.445030) can0 6F1#1230000000000000
(1708736769.445289) can0 612#F12130F3392D5000
(1708736769.445538) can0 612#F122004F00FFFFFF
(1708736769.453099) can0 130#45FFFDFFFF
(1708736769.478015) can0 6F1#120221F000000000
(1708736769.494392) can0 612#F1100E61F000464F
(1708736769.495038) can0 6F1#1230000000000000
(1708736769.495337) can0 612#F12130F3392D5000
(1708736769.495581) can0 612#F122004F00FFFFFF
(1708736769.528545) can0 6F1#120221F000000000
(1708736769.544408) can0 612#F1100E61F000464F
(1708736769.545048) can0 6F1#1230000000000000
(1708736769.545344) can0 612#F12130F3392D5000
(1708736769.545622) can0 612#F122004F00FFFFFF
(1708736769.553094) can0 130#45FFFDFFFF
(1708736769.577792) can0 6F1#120221F000000000
(1708736769.594408) can0 612#F1100E61F000464F
(1708736769.595050) can0 6F1#1230000000000000
(1708736769.595310) can0 612#F12130F3392D5000
(1708736769.595557) can0 612#F122004F00FFFFFF
(1708736769.627972) can0 6F1#120221F000000000
(1708736769.644364) can0 612#F1100E61F000464F
(1708736769.645025) can0 6F1#1230000000000000
(1708736769.645320) can0 612#F12130F3392D5000
(1708736769.645604) can0 612#F122004F00FFFFFF
(1708736769.653083) can0 130#45FFFDFFFF
(1708736769.677995) can0 6F1#120221F000000000
(1708736769.694397) can0 612#F1100E61F000464F
(1708736769.695044) can0 6F1#1230000000000000
(1708736769.695343) can0 612#F12130F3392D5000
(1708736769.695585) can0 612#F122004F00FFFFFF
(1708736769.727762) can0 6F1#120221F000000000
(1708736769.744388) can0 612#F1100E61F000464F
(1708736769.745056) can0 6F1#1230000000000000
(1708736769.745357) can0 612#F12130F3392D5000
(1708736769.745615) can0 612#F122004F00FFFFFF
(1708736769.753081) can0 130#45FFFDFFFF
(1708736769.777529) can0 6F1#120221F000000000
(1708736769.794348) can0 612#F1100E61F000464F
(1708736769.795020) can0 6F1#1230000000000000
(1708736769.795284) can0 612#F12130F3392D5000
(1708736769.795524) can0 612#F122004F00FFFFFF
(1708736769.827591) can0 6F1#120221F000000000
(1708736769.844355) can0 612#F1100E61F000464F
(1708736769.845010) can0 6F1#1230000000000000
(1708736769.845276) can0 612#F12130F3392D5000
(1708736769.845526) can0 612#F122004F00FFFFFF
(1708736769.853063) can0 130#45FFFDFFFF
(1708736769.877025) can0 6F1#120221F000000000
(1708736769.894404) can0 612#F1100E61F000464F
(1708736769.895046) can0 6F1#1230000000000000
(1708736769.895303) can0 612#F12130F3392D5000
(1708736769.895548) can0 612#F122004F00FFFFFF
(1708736769.927482) can0 6F1#120221F000000000
(1708736769.944413) can0 612#F1100E61F000464F
(1708736769.945055) can0 6F1#1230000000000000
(1708736769.945353) can0 612#F12130F3392D5000
(1708736769.945632) can0 612#F122004F00FFFFFF
(1708736769.953073) can0 130#45FFFDFFFF
(1708736769.996869) can0 6F1#120221F000000000
(1708736770.014422) can0 612#F1100E61F000464F
(1708736770.015039) can0 6F1#1230000000000000
(1708736770.015329) can0 612#F12130F3392D5000
(1708736770.015632) can0 612#F122004F00FFFFFF
(1708736770.053119) can0 130#45FFFDFFFF
(1708736770.153095) can0 130#45FFFDFFFF
(1708736770.188777) can0 6F1#120221F000000000
(1708736770.204409) can0 612#F1100E61F000464F
(1708736770.205052) can0 6F1#1230000000000000
(1708736770.205350) can0 612#F12130F3392D5000
(1708736770.205592) can0 612#F122004F00FFFFFF
(1708736770.253078) can0 130#45FFFDFFFF
(1708736770.276211) can0 6F1#120221F000000000
(1708736770.294412) can0 612#F1100E61F000464F
(1708736770.295066) can0 6F1#1230000000000000
(1708736770.295312) can0 612#F12130F3392D5000
(1708736770.295554) can0 612#F122004F00FFFFFF
(1708736770.326490) can0 6F1#120221F000000000
(1708736770.344381) can0 612#F1100E61F000464F
(1708736770.345017) can0 6F1#1230000000000000
(1708736770.345283) can0 612#F12130F3392D5000
(1708736770.345522) can0 612#F122004F00FFFFFF
(1708736770.353048) can0 130#45FFFDFFFF
(1708736770.376160) can0 6F1#120221F000000000
(1708736770.394374) can0 612#F1100E61F000464E
(1708736770.395018) can0 6F1#1230000000000000
(1708736770.395281) can0 612#F12130F3392D5000
(1708736770.395518) can0 612#F122004E00FFFFFF
(1708736770.426428) can0 6F1#120221F000000000
(1708736770.444392) can0 612#F1100E61F000464E
(1708736770.445042) can0 6F1#1230000000000000
(1708736770.445352) can0 612#F12130F3392D5000
(1708736770.445598) can0 612#F122004E00FFFFFF
(1708736770.453113) can0 130#45FFFDFFFF
(1708736770.476072) can0 6F1#120221F000000000
(1708736770.494417) can0 612#F1100E61F000464F
(1708736770.495060) can0 6F1#1230000000000000
(1708736770.495370) can0 612#F12130F3392D5000
(1708736770.495627) can0 612#F122004F00FFFFFF
(1708736770.526057) can0 6F1#120221F000000000
(1708736770.544425) can0 612#F1100E61F000464F
(1708736770.545065) can0 6F1#1230000000000000
(1708736770.545356) can0 612#F12130F3392D5000
(1708736770.545639) can0 612#F122004F00FFFFFF
(1708736770.553091) can0 130#45FFFDFFFF
(1708736770.575931) can0 6F1#120221F000000000
(1708736770.594418) can0 612#F1100E61F000464F
(1708736770.595057) can0 6F1#1230000000000000
(1708736770.595352) can0 612#F12130F339255000
(1708736770.595596) can0 612#F122004F00FFFFFF
(1708736770.625911) can0 6F1#120221F000000000
(1708736770.644420) can0 612#F1100E61F000464F
(1708736770.645067) can0 6F1#1230000000000000
(1708736770.645350) can0 612#F12130F3392D5000
(1708736770.645632) can0 612#F122004F00FFFFFF
(1708736770.653091) can0 130#45FFFDFFFF
(1708736770.675720) can0 6F1#120221F000000000
(1708736770.694406) can0 612#F1100E61F000464F
(1708736770.695062) can0 6F1#1230000000000000
(1708736770.695359) can0 612#F12130F3392D5000
(1708736770.695604) can0 612#F122004F00FFFFFF
(1708736770.725539) can0 6F1#120221F000000000
(1708736770.744422) can0 612#F1100E61F000464F
(1708736770.745057) can0 6F1#1230000000000000
(1708736770.745348) can0 612#F12130F3392D5000
(1708736770.745626) can0 612#F122004F00FFFFFF
(1708736770.753102) can0 130#45FFFDFFFF
(1708736770.775859) can0 6F1#120221F000000000
(1708736770.794400) can0 612#F1100E61F000464F
(1708736770.795069) can0 6F1#1230000000000000
(1708736770.795355) can0 612#F12130F3392D5000
(1708736770.795602) can0 612#F122004F00FFFFFF
(1708736770.825399) can0 6F1#120221F000000000
(1708736770.844436) can0 612#F1100E61F000464F
(1708736770.845086) can0 6F1#1230000000000000
(1708736770.845369) can0 612#F12130F3392D5000
(1708736770.845650) can0 612#F122004F00FFFFFF
(1708736770.853122) can0 130#45FFFDFFFF
(1708736770.875494) can0 6F1#120221F000000000
(1708736770.894435) can0 612#F1100E61F000464F
(1708736770.895078) can0 6F1#1230000000000000
(1708736770.895337) can0 612#F12130F3392D5000
(1708736770.895581) can0 612#F122004F00FFFFFF
(1708736770.924913) can0 6F1#120221F000000000
(1708736770.944410) can0 612#F1100E61F000464F
(1708736770.945066) can0 6F1#1230000000000000
(1708736770.945352) can0 612#F12130F3392D5000
(1708736770.945626) can0 612#F122004F00FFFFFF
(1708736770.953105) can0 130#45FFFDFFFF
(1708736770.975399) can0 6F1#120221F000000000
(1708736770.994435) can0 612#F1100E61F000464F
(1708736770.995078) can0 6F1#1230000000000000
(1708736770.995334) can0 612#F12130F3392D5000
(1708736770.995576) can0 612#F122004F00FFFFFF
(1708736771.025087) can0 6F1#120221F000000000
(1708736771.044416) can0 612#F1100E61F000464F
(1708736771.045066) can0 6F1#1230000000000000
(1708736771.045350) can0 612#F12130F3392D5000
(1708736771.045631) can0 612#F122004F00FFFFFF
(1708736771.053142) can0 130#45FFFDFFFF
(1708736771.074282) can0 6F1#120221F000000000
(1708736771.094431) can0 612#F1100E61F000464F
(1708736771.095078) can0 6F1#1230000000000000
(1708736771.095340) can0 612#F12130F3392D5000
(1708736771.095583) can0 612#F122004F00FFFFFF
(1708736771.124656) can0 6F1#120221F000000000
(1708736771.144431) can0 612#F1100E61F000464F
(1708736771.145074) can0 6F1#1230000000000000
(1708736771.145355) can0 612#F12130F3392D5000
(1708736771.145639) can0 612#F122004F00FFFFFF
(1708736771.153088) can0 130#45FFFDFFFF
(1708736771.174187) can0 6F1#120221F000000000
(1708736771.194428) can0 612#F1100E61F000464F
(1708736771.195080) can0 6F1#1230000000000000
(1708736771.195330) can0 612#F12130F3392D5000
(1708736771.195576) can0 612#F122004F00FFFFFF
(1708736771.224184) can0 6F1#120221F000000000
(1708736771.244388) can0 612#F1100E61F000464F
(1708736771.245053) can0 6F1#1230000000000000
(1708736771.245348) can0 612#F12130F339255000
(1708736771.245594) can0 612#F122004F00FFFFFF
(1708736771.253127) can0 130#45FFFDFFFF
(1708736771.274520) can0 6F1#120221F000000000
(1708736771.294410) can0 612#F1100E61F000464F
(1708736771.295058) can0 6F1#1230000000000000
(1708736771.295350) can0 612#F12130F3392D5000
(1708736771.295634) can0 612#F122004F00FFFFFF
(1708736771.323517) can0 6F1#120221F000000000
(1708736771.334434) can0 612#F1100E61F000464F
(1708736771.335077) can0 6F1#1230000000000000
(1708736771.335336) can0 612#F12130F3392D5000
(1708736771.335583) can0 612#F122004F00FFFFFF
(1708736771.353110) can0 130#45FFFDFFFF
(1708736771.373498) can0 6F1#120221F000000000
(1708736771.384407) can0 612#F1100E61F000464E
(1708736771.385053) can0 6F1#1230000000000000
(1708736771.385334) can0 612#F12130F3392D5000
(1708736771.385617) can0 612#F122004E00FFFFFF
(1708736771.423494) can0 6F1#120221F000000000
(1708736771.434408) can0 612#F1100E61F000464E
(1708736771.435070) can0 6F1#1230000000000000
(1708736771.435362) can0 612#F12130F3392D5000
(1708736771.435607) can0 612#F122004E00FFFFFF
(1708736771.453132) can0 130#45FFFDFFFF
(1708736771.473724) can0 6F1#120221F000000000
(1708736771.484433) can0 612#F1100E61F000464E
(1708736771.485074) can0 6F1#1230000000000000
(1708736771.485368) can0 612#F12130F3392D5000
(1708736771.485614) can0 612#F122004E00FFFFFF
(1708736771.523909) can0 6F1#120221F000000000
(1708736771.534408) can0 612#F1100E61F000464E
(1708736771.535069) can0 6F1#1230000000000000
(1708736771.535362) can0 612#F12130F3392D5000
(1708736771.535603) can0 612#F122004E00FFFFFF
(1708736771.553081) can0 130#45FFFDFFFF
(1708736771.573916) can0 6F1#120221F000000000
(1708736771.584415) can0 612#F1100E61F000464F
(1708736771.585055) can0 6F1#1230000000000000
(1708736771.585352) can0 612#F12130F3392D5000
(1708736771.585597) can0 612#F122004F00FFFFFF
(1708736771.622989) can0 6F1#120221F000000000
(1708736771.634399) can0 612#F1100E61F000464F
(1708736771.635066) can0 6F1#1230000000000000
(1708736771.635360) can0 612#F12130F3392D5000
(1708736771.635605) can0 612#F122004F00FFFFFF
(1708736771.653139) can0 130#45FFFDFFFF
(1708736771.673519) can0 6F1#120221F000000000
(1708736771.684430) can0 612#F1100E61F000464F
(1708736771.685076) can0 6F1#1230000000000000
(1708736771.685337) can0 612#F12130F3392D5000
(1708736771.685582) can0 612#F122004F00FFFFFF
(1708736771.723444) can0 6F1#120221F000000000
(1708736771.734378) can0 612#F1100E61F000464F
(1708736771.735044) can0 6F1#1230000000000000
(1708736771.735339) can0 612#F12130F3392D5000
(1708736771.735585) can0 612#F122004F00FFFFFF
(1708736771.753111) can0 130#45FFFDFFFF
(1708736771.772434) can0 6F1#120221F000000000
(1708736771.784402) can0 612#F1100E61F000464E
(1708736771.785040) can0 6F1#1230000000000000
(1708736771.785334) can0 612#F12130F339255000
(1708736771.785614) can0 612#F122004E00FFFFFF
(1708736771.822758) can0 6F1#120221F000000000
(1708736771.834434) can0 612#F1100E61F000464E
(1708736771.835077) can0 6F1#1230000000000000
(1708736771.835374) can0 612#F12130F3392D5000
(1708736771.835622) can0 612#F122004E00FFFFFF
(1708736771.853123) can0 130#45FFFDFFFF
(1708736771.872948) can0 6F1#120221F000000000
(1708736771.884404) can0 612#F1100E61F000464F
(1708736771.885056) can0 6F1#1230000000000000
(1708736771.885299) can0 612#F12130F3392D5000
(1708736771.885541) can0 612#F122004F00FFFFFF
(1708736771.922582) can0 6F1#120221F000000000
(1708736771.934428) can0 612#F1100E61F000464F
(1708736771.935072) can0 6F1#1230000000000000
(1708736771.935371) can0 612#F12130F3392D5000
(1708736771.935616) can0 612#F122004F00FFFFFF
(1708736771.953083) can0 130#45FFFDFFFF
(1708736771.973225) can0 6F1#120221F000000000
(1708736771.984422) can0 612#F1100E61F000464E
(1708736771.985063) can0 6F1#1230000000000000
(1708736771.985321) can0 612#F12130F339255000
(1708736771.985563) can0 612#F122004E00FFFFFF
(1708736772.022630) can0 6F1#120221F000000000
(1708736772.034430) can0 612#F1100E61F000464E
(1708736772.035076) can0 6F1#1230000000000000
(1708736772.035335) can0 612#F12130F3392D5000
(1708736772.035580) can0 612#F122004E00FFFFFF
(1708736772.053141) can0 130#45FFFDFFFF
(1708736772.072100) can0 6F1#120221F000000000
(1708736772.084425) can0 612#F1100E61F000464F
(1708736772.085068) can0 6F1#1230000000000000
(1708736772.085366) can0 612#F12130F3392D5000
(1708736772.085609) can0 612#F122004F00FFFFFF
(1708736772.122523) can0 6F1#120221F000000000
(1708736772.134438) can0 612#F1100E61F000464F
(1708736772.135079) can0 6F1#1230000000000000
(1708736772.135373) can0 612#F12130F3392D5000
(1708736772.135621) can0 612#F122004F00FFFFFF
(1708736772.153109) can0 130#45FFFDFFFF
(1708736772.172209) can0 6F1#120221F000000000
(1708736772.184385) can0 612#F1100E61F000464E
(1708736772.185062) can0 6F1#1230000000000000
(1708736772.185322) can0 612#F12130F3392D5000
(1708736772.185572) can0 612#F122004E00FFFFFF
(1708736772.221751) can0 6F1#120221F000000000
(1708736772.234437) can0 612#F1100E61F000464E
(1708736772.235084) can0 6F1#1230000000000000
(1708736772.235341) can0 612#F12130F3392D5000
(1708736772.235587) can0 612#F122004E00FFFFFF
(1708736772.253123) can0 130#45FFFDFFFF
(1708736772.271977) can0 6F1#120221F000000000
(1708736772.284434) can0 612#F1100E61F000464F
(1708736772.285073) can0 6F1#1230000000000000
(1708736772.285369) can0 612#F12130F3392D5000
(1708736772.285617) can0 612#F122004F00FFFFFF
(1708736772.321527) can0 6F1#120221F000000000
(1708736772.334445) can0 612#F1100E61F000464F
(1708736772.335089) can0 6F1#1230000000000000
(1708736772.335348) can0 612#F12130F3392D5000
(1708736772.335596) can0 612#F122004F00FFFFFF
(1708736772.353123) can0 130#45FFFDFFFF
(1708736772.374903) can0 6F1#120221F000000000
(1708736772.394419) can0 612#F1100E61F000464E
(1708736772.395059) can0 6F1#1230000000000000
(1708736772.395317) can0 612#F12130F3392D5000
(1708736772.395566) can0 612#F122004E00FFFFFF
(1708736772.429041) can0 6F1#120221F000000000
(1708736772.444413) can0 612#F1100E61F000464E
(1708736772.445058) can0 6F1#1230000000000000
(1708736772.445317) can0 612#F12130F3392D5000
(1708736772.445563) can0 612#F122004E00FFFFFF
(1708736772.453145) can0 130#45FFFDFFFF
(1708736772.553107) can0 130#45FFFDFFFF
(1708736772.609001) can0 6F1#120221F000000000
(1708736772.624416) can0 612#F1100E61F000464F
(1708736772.625070) can0 6F1#1230000000000000
(1708736772.625315) can0 612#F12130F3392D5000
(1708736772.625559) can0 612#F122004F00FFFFFF
(1708736772.653147) can0 130#45FFFDFFFF
(1708736772.671583) can0 6F1#120221F000000000
(1708736772.684424) can0 612#F1100E61F000464E
(1708736772.685080) can0 6F1#1230000000000000
(1708736772.685339) can0 612#F12130F3392D5000
(1708736772.685584) can0 612#F122004E00FFFFFF
(1708736772.720654) can0 6F1#120221F000000000
(1708736772.734432) can0 612#F1100E61F000464E
(1708736772.735077) can0 6F1#1230000000000000
(1708736772.735373) can0 612#F12130F3392D5000
(1708736772.735621) can0 612#F122004E00FFFFFF
(1708736772.753157) can0 130#45FFFDFFFF
(1708736772.770929) can0 6F1#120221F000000000
(1708736772.784412) can0 612#F1100E61F000464F
(1708736772.785050) can0 6F1#1230000000000000
(1708736772.785343) can0 612#F12130F3392D5000
(1708736772.785621) can0 612#F122004F00FFFFFF
(1708736772.820208) can0 6F1#120221F000000000
(1708736772.834419) can0 612#F1100E61F000464F
(1708736772.835069) can0 6F1#1230000000000000
(1708736772.835367) can0 612#F12130F3392D5000
(1708736772.835626) can0 612#F122004F00FFFFFF
(1708736772.853157) can0 130#45FFFDFFFF
(1708736772.870450) can0 6F1#120221F000000000
(1708736772.884438) can0 612#F1100E61F000464F
(1708736772.885094) can0 6F1#1230000000000000
(1708736772.885340) can0 612#F12130F3392D5000
(1708736772.885584) can0 612#F122004F00FFFFFF
(1708736772.920585) can0 6F1#120221F000000000
(1708736772.934420) can0 612#F1100E61F000464F
(1708736772.935058) can0 6F1#1230000000000000
(1708736772.935353) can0 612#F12130F3392D5000
(1708736772.935595) can0 612#F122004F00FFFFFF
(1708736772.953129) can0 130#45FFFDFFFF
(1708736772.970407) can0 6F1#120221F000000000
(1708736772.984444) can0 612#F1100E61F000464E
(1708736772.985089) can0 6F1#1230000000000000
(1708736772.985350) can0 612#F12130F3392D5000
(1708736772.985597) can0 612#F122004E00FFFFFF
(1708736773.020234) can0 6F1#120221F000000000
(1708736773.034444) can0 612#F1100E61F000464E
(1708736773.035085) can0 6F1#1230000000000000
(1708736773.035348) can0 612#F12130F3392D5000
(1708736773.035590) can0 612#F122004E00FFFFFF
(1708736773.053175) can0 130#45FFFDFFFF
(1708736773.070365) can0 6F1#120221F000000000
(1708736773.084429) can0 612#F1100E61F000464F
(1708736773.085073) can0 6F1#1230000000000000
(1708736773.085371) can0 612#F12130F3392D5000
(1708736773.085614) can0 612#F122004F00FFFFFF
(1708736773.120120) can0 6F1#120221F000000000
(1708736773.134442) can0 612#F1100E61F000464F
(1708736773.135082) can0 6F1#1230000000000000
(1708736773.135343) can0 612#F12130F339255000
(1708736773.135588) can0 612#F122004F00FFFFFF
(1708736773.153146) can0 130#45FFFDFFFF
(1708736773.170198) can0 6F1#120221F000000000
(1708736773.184440) can0 612#F1100E61F000464F
(1708736773.185089) can0 6F1#1230000000000000
(1708736773.185339) can0 612#F12130F3392D5000
(1708736773.185585) can0 612#F122004F00FFFFFF
(1708736773.219608) can0 6F1#120221F000000000
(1708736773.234432) can0 612#F1100E61F000464F
(1708736773.235084) can0 6F1#1230000000000000
(1708736773.235330) can0 612#F12130F3392D5000
(1708736773.235579) can0 612#F122004F00FFFFFF
(1708736773.253154) can0 130#45FFFDFFFF
(1708736773.269856) can0 6F1#120221F000000000
(1708736773.284418) can0 612#F1100E61F000464F
(1708736773.285068) can0 6F1#1230000000000000
(1708736773.285313) can0 612#F12130F3392D5000
(1708736773.285556) can0 612#F122004F00FFFFFF
(1708736773.319195) can0 6F1#120221F000000000
(1708736773.334438) can0 612#F1100E61F000464F
(1708736773.335083) can0 6F1#1230000000000000
(1708736773.335377) can0 612#F12130F3392D5000
(1708736773.335622) can0 612#F122004F00FFFFFF
(1708736773.353159) can0 130#45FFFDFFFF
(1708736773.369573) can0 6F1#120221F000000000
(1708736773.384427) can0 612#F1100E61F000464E
(1708736773.385068) can0 6F1#1230000000000000
(1708736773.385364) can0 612#F12130F3392D5000
(1708736773.385648) can0 612#F122004E00FFFFFF
(1708736773.419052) can0 6F1#120221F000000000
(1708736773.434437) can0 612#F1100E61F000464E
(1708736773.435078) can0 6F1#1230000000000000
(1708736773.435372) can0 612#F12130F3392D5000
(1708736773.435618) can0 612#F122004E00FFFFFF
(1708736773.453196) can0 130#45FFFDFFFF
(1708736773.468639) can0 6F1#120221F000000000
(1708736773.484418) can0 612#F1100E61F000464F
(1708736773.485081) can0 6F1#1230000000000000
(1708736773.485341) can0 612#F12130F3392D5000
(1708736773.485587) can0 612#F122004F00FFFFFF
(1708736773.519690) can0 6F1#120221F000000000
(1708736773.534420) can0 612#F1100E61F000464F
(1708736773.535065) can0 6F1#1230000000000000
(1708736773.535321) can0 612#F12130F3392D5000
(1708736773.535571) can0 612#F122004F00FFFFFF
(1708736773.553114) can0 130#45FFFDFFFF
(1708736773.569020) can0 6F1#120221F000000000
(1708736773.584399) can0 612#F1100E61F000464F
(1708736773.585043) can0 6F1#1230000000000000
(1708736773.585303) can0 612#F12130F3392D5000
(1708736773.585553) can0 612#F122004F00FFFFFF
(1708736773.619127) can0 6F1#120221F000000000
(1708736773.634390) can0 612#F1100E61F000464F
(1708736773.635052) can0 6F1#1230000000000000
(1708736773.635346) can0 612#F12130F3392D5000
(1708736773.635593) can0 612#F122004F00FFFFFF
(1708736773.653182) can0 130#45FFFDFFFF
(1708736773.669020) can0 6F1#120221F000000000
(1708736773.684415) can0 612#F1100E61F000464F
(1708736773.685058) can0 6F1#1230000000000000
(1708736773.685358) can0 612#F12130F3392D5000
(1708736773.685603) can0 612#F122004F00FFFFFF
(1708736773.718791) can0 6F1#120221F000000000
(1708736773.734419) can0 612#F1100E61F000464F
(1708736773.735071) can0 6F1#1230000000000000
(1708736773.735316) can0 612#F12130F3392D5000
(1708736773.735560) can0 612#F122004F00FFFFFF
(1708736773.753158) can0 130#45FFFDFFFF
(1708736773.768436) can0 6F1#120221F000000000
(1708736773.784384) can0 612#F1100E61F000464F
(1708736773.785023) can0 6F1#1230000000000000
(1708736773.785315) can0 612#F12130F3392D5000
(1708736773.785558) can0 612#F122004F00FFFFFF
(1708736773.818285) can0 6F1#120221F000000000
(1708736773.834405) can0 612#F1100E61F000464F
(1708736773.835047) can0 6F1#1230000000000000
(1708736773.835303) can0 612#F12130F3392D5000
(1708736773.835547) can0 612#F122004F00FFFFFF
(1708736773.853181) can0 130#45FFFDFFFF
(1708736773.868052) can0 6F1#120221F000000000
(1708736773.884411) can0 612#F1100E61F000464E
(1708736773.885061) can0 6F1#1230000000000000
(1708736773.885358) can0 612#F12130F3392D5000
(1708736773.885640) can0 612#F122004E00FFFFFF
(1708736773.918309) can0 6F1#120221F000000000
(1708736773.934430) can0 612#F1100E61F000464E
(1708736773.935083) can0 6F1#1230000000000000
(1708736773.935334) can0 612#F12130F3392D5000
(1708736773.935582) can0 612#F122004E00FFFFFF
(1708736773.953166) can0 130#45FFFDFFFF
(1708736773.968003) can0 6F1#120221F000000000
(1708736773.984370) can0 612#F1100E61F000464F
(1708736773.985046) can0 6F1#1230000000000000
(1708736773.985344) can0 612#F12130F3392D5000
(1708736773.985590) can0 612#F122004F00FFFFFF
(1708736774.017434) can0 6F1#120221F000000000
(1708736774.034428) can0 612#F1100E61F000464F
(1708736774.035070) can0 6F1#1230000000000000
(1708736774.035329) can0 612#F12130F3392D5000
(1708736774.035573) can0 612#F122004F00FFFFFF
(1708736774.053184) can0 130#45FFFDFFFF
(1708736774.067762) can0 6F1#120221F000000000
(1708736774.084430) can0 612#F1100E61F000464F
(1708736774.085074) can0 6F1#1230000000000000
(1708736774.085331) can0 612#F12130F3392D5000
(1708736774.085576) can0 612#F122004F00FFFFFF
(1708736774.117956) can0 6F1#120221F000000000
(1708736774.134422) can0 612#F1100E61F000464F
(1708736774.135073) can0 6F1#1230000000000000
(1708736774.135320) can0 612#F12130F3392D5000
(1708736774.135568) can0 612#F122004F00FFFFFF
(1708736774.153160) can0 130#45FFFDFFFF
(1708736774.167978) can0 6F1#120221F000000000
(1708736774.184413) can0 612#F1100E61F000464E
(1708736774.185053) can0 6F1#1230000000000000
(1708736774.185316) can0 612#F12130F3392D5000
(1708736774.185560) can0 612#F122004E00FFFFFF
(1708736774.218016) can0 6F1#120221F000000000
(1708736774.234400) can0 612#F1100E61F000464E
(1708736774.235054) can0 6F1#1230000000000000
(1708736774.235347) can0 612#F12130F3392D5000
(1708736774.235591) can0 612#F122004E00FFFFFF
(1708736774.253179) can0 130#45FFFDFFFF
(1708736774.267402) can0 6F1#120221F000000000
(1708736774.284371) can0 612#F1100E61F000464E
(1708736774.285039) can0 6F1#1230000000000000
(1708736774.285333) can0 612#F12130F3392D5000
(1708736774.285617) can0 612#F122004E00FFFFFF
(1708736774.317233) can0 6F1#120221F000000000
(1708736774.334386) can0 612#F1100E61F000464E
(1708736774.335044) can0 6F1#1230000000000000
(1708736774.335339) can0 612#F12130F3392D5000
(1708736774.335582) can0 612#F122004E00FFFFFF
(1708736774.353132) can0 130#45FFFDFFFF
(1708736774.367208) can0 6F1#120221F000000000
(1708736774.384372) can0 612#F1100E61F000464F
(1708736774.385043) can0 6F1#1230000000000000
(1708736774.385326) can0 612#F12130F3392D5000
(1708736774.385609) can0 612#F122004F00FFFFFF
(1708736774.417266) can0 6F1#120221F000000000
(1708736774.434383) can0 612#F1100E61F000464F
(1708736774.435041) can0 6F1#1230000000000000
(1708736774.435336) can0 612#F12130F3392D5000
(1708736774.435581) can0 612#F122004F00FFFFFF
(1708736774.453186) can0 130#45FFFDFFFF
(1708736774.467062) can0 6F1#120221F000000000
(1708736774.484399) can0 612#F1100E61F000464F
(1708736774.485043) can0 6F1#1230000000000000
(1708736774.485340) can0 612#F12130F3392D5000
(1708736774.485625) can0 612#F122004F00FFFFFF
(1708736774.520223) can0 6F1#120221F000000000
(1708736774.534422) can0 612#F1100E61F000464F
(1708736774.535072) can0 6F1#1230000000000000
(1708736774.535317) can0 612#F12130F3392D5000
(1708736774.535560) can0 612#F122004F00FFFFFF
(1708736774.553172) can0 130#45FFFDFFFF
(1708736774.575503) can0 6F1#120221F000000000
(1708736774.594379) can0 612#F1100E61F000464F
(1708736774.595040) can0 6F1#1230000000000000
(1708736774.595332) can0 612#F12130F3392D5000
(1708736774.595578) can0 612#F122004F00FFFFFF
(1708736774.653193) can0 130#45FFFDFFFF
(1708736774.666786) can0 6F1#120221F000000000
(1708736774.684406) can0 612#F1100E61F000464E
(1708736774.685046) can0 6F1#1230000000000000
(1708736774.685344) can0 612#F12130F3392D5000
(1708736774.685589) can0 612#F122004E00FFFFFF
(1708736774.716232) can0 6F1#120221F000000000
(1708736774.734370) can0 612#F1100E61F000464E
(1708736774.735049) can0 6F1#1230000000000000
(1708736774.735346) can0 612#F12130F3392D5000
(1708736774.735595) can0 612#F122004E00FFFFFF
(1708736774.753190) can0 130#45FFFDFFFF
(1708736774.766257) can0 6F1#120221F000000000
(1708736774.784371) can0 612#F1100E61F000464F
(1708736774.785042) can0 6F1#1230000000000000
(1708736774.785333) can0 612#F12130F3392D5000
(1708736774.785609) can0 612#F122004F00FFFFFF
(1708736774.816453) can0 6F1#120221F000000000
(1708736774.834414) can0 612#F1100E61F000464F
(1708736774.835063) can0 6F1#1230000000000000
(1708736774.835310) can0 612#F12130F3392D5000
(1708736774.835553) can0 612#F122004F00FFFFFF
(1708736774.853205) can0 130#45FFFDFFFF
(1708736774.865948) can0 6F1#120221F000000000
(1708736774.884403) can0 612#F1100E61F000464E
(1708736774.885040) can0 6F1#1230000000000000
(1708736774.885336) can0 612#F12130F3392D5000
(1708736774.885620) can0 612#F122004E00FFFFFF
(1708736774.953157) can0 130#45FFFDFFFF
(1708736775.053169) can0 130#45FFFDFFFF
(1708736775.058450) can0 6F1#120221F000000000
(1708736775.074388) can0 612#F1100E61F000464F
(1708736775.075055) can0 6F1#1230000000000000
(1708736775.075314) can0 612#F12130F3392D5000
(1708736775.075561) can0 612#F122004F00FFFFFF
(1708736775.115112) can0 6F1#120221F000000000
(1708736775.134411) can0 612#F1100E61F000464F
(1708736775.135050) can0 6F1#1230000000000000
(1708736775.135311) can0 612#F12130F3392D5000
(1708736775.135557) can0 612#F122004F00FFFFFF
(1708736775.153172) can0 130#45FFFDFFFF
(1708736775.165216) can0 6F1#120221F000000000
(1708736775.184409) can0 612#F1100E61F000464F
(1708736775.185062) can0 6F1#1230000000000000
(1708736775.185346) can0 612#F12130F3392D5000
(1708736775.185628) can0 612#F122004F00FFFFFF
(1708736775.215949) can0 6F1#120221F000000000
(1708736775.234361) can0 612#F1100E61F000464F
(1708736775.235065) can0 6F1#1230000000000000
(1708736775.235339) can0 612#F12130F3392D5000
(1708736775.235597) can0 612#F122004F00FFFFFF
(1708736775.253173) can0 130#45FFFDFFFF
(1708736775.264614) can0 6F1#120221F000000000
(1708736775.284369) can0 612#F1100E61F000464F
(1708736775.285030) can0 6F1#1230000000000000
(1708736775.285332) can0 612#F12130F3392D5000
(1708736775.285619) can0 612#F122004F00FFFFFF
(1708736775.315523) can0 6F1#120221F000000000
(1708736775.334357) can0 612#F1100E61F000464F
(1708736775.335026) can0 6F1#1230000000000000
(1708736775.335289) can0 612#F12130F3392D5000
(1708736775.335545) can0 612#F122004F00FFFFFF
(1708736775.353150) can0 130#45FFFDFFFF
(1708736775.364460) can0 6F1#120221F000000000
(1708736775.384382) can0 612#F1100E61F000464F
(1708736775.385029) can0 6F1#1230000000000000
(1708736775.385329) can0 612#F12130F3392D5000
(1708736775.385618) can0 612#F122004F00FFFFFF
(1708736775.414779) can0 6F1#120221F000000000
(1708736775.434395) can0 612#F1100E61F000464F
(1708736775.435040) can0 6F1#1230000000000000
(1708736775.435298) can0 612#F12130F3392D5000
(1708736775.435542) can0 612#F122004F00FFFFFF
(1708736775.453203) can0 130#45FFFDFFFF
(1708736775.464813) can0 6F1#120221F000000000
(1708736775.484390) can0 612#F1100E61F000464F
(1708736775.485053) can0 6F1#1230000000000000
(1708736775.485347) can0 612#F12130F3392D5000
(1708736775.485626) can0 612#F122004F00FFFFFF
(1708736775.513993) can0 6F1#120221F000000000
(1708736775.524392) can0 612#F1100E61F000464F
(1708736775.525035) can0 6F1#1230000000000000
(1708736775.525329) can0 612#F12130F339255000
(1708736775.525611) can0 612#F122004F00FFFFFF
(1708736775.553215) can0 130#45FFFDFFFF
(1708736775.564460) can0 6F1#120221F000000000
(1708736775.584394) can0 612#F1100E61F000464F
(1708736775.585041) can0 6F1#1230000000000000
(1708736775.585324) can0 612#F12130F3392D5000
(1708736775.585606) can0 612#F122004F00FFFFFF
(1708736775.613805) can0 6F1#120221F000000000
(1708736775.624400) can0 612#F1100E61F000464F
(1708736775.625040) can0 6F1#1230000000000000
(1708736775.625339) can0 612#F12130F3392D5000
(1708736775.625619) can0 612#F122004F00FFFFFF
(1708736775.653192) can0 130#45FFFDFFFF
(1708736775.664721) can0 6F1#120221F000000000
(1708736775.684398) can0 612#F1100E61F000464F
(1708736775.685047) can0 6F1#1230000000000000
(1708736775.685344) can0 612#F12130F3392D5000
(1708736775.685628) can0 612#F122004F00FFFFFF
(1708736775.713902) can0 6F1#120221F000000000
(1708736775.724389) can0 612#F1100E61F000464F
(1708736775.725031) can0 6F1#1230000000000000
(1708736775.725331) can0 612#F12130F3392D5000
(1708736775.725618) can0 612#F122004F00FFFFFF
(1708736775.753156) can0 130#45FFFDFFFF
(1708736775.763330) can0 6F1#120221F000000000
(1708736775.774387) can0 612#F1100E61F000464F
(1708736775.775035) can0 6F1#1230000000000000
(1708736775.775297) can0 612#F12130F3392D5000
(1708736775.775541) can0 612#F122004F00FFFFFF
(1708736775.814678) can0 6F1#120221F000000000
(1708736775.834393) can0 612#F1100E61F000464E
(1708736775.835034) can0 6F1#1230000000000000
(1708736775.835332) can0 612#F12130F3392D5000
(1708736775.835575) can0 612#F122004E00FFFFFF
(1708736775.853213) can0 130#45FFFDFFFF
(1708736775.863826) can0 6F1#120221F000000000
(1708736775.874365) can0 612#F1100E61F000464E
(1708736775.875060) can0 6F1#1230000000000000
(1708736775.875313) can0 612#F12130F3392D5000
(1708736775.875561) can0 612#F122004E00FFFFFF
(1708736775.914093) can0 6F1#120221F000000000
(1708736775.924360) can0 612#F1100E61F000464F
(1708736775.925009) can0 6F1#1230000000000000
(1708736775.925320) can0 612#F12130F3392D5000
(1708736775.925616) can0 612#F122004F00FFFFFF
(1708736775.953172) can0 130#45FFFDFFFF
(1708736775.963628) can0 6F1#120221F000000000
(1708736775.974356) can0 612#F1100E61F000464F
(1708736775.974994) can0 6F1#1230000000000000
(1708736775.975252) can0 612#F12130F3392D5000
(1708736775.975500) can0 612#F122004F00FFFFFF
(1708736776.013212) can0 6F1#120221F000000000
(1708736776.024303) can0 612#F1100E61F000464F
(1708736776.024996) can0 6F1#1230000000000000
(1708736776.025262) can0 612#F12130F3392D5000
(1708736776.025503) can0 612#F122004F00FFFFFF
(1708736776.053158) can0 130#45FFFDFFFF
(1708736776.062799) can0 6F1#120221F000000000
(1708736776.074395) can0 612#F1100E61F000464F
(1708736776.075018) can0 6F1#1230000000000000
(1708736776.075329) can0 612#F12130F3392D5000
(1708736776.075592) can0 612#F122004F00FFFFFF
(1708736776.113580) can0 6F1#120221F000000000
(1708736776.124391) can0 612#F1100E61F000464E
(1708736776.125036) can0 6F1#1230000000000000
(1708736776.125352) can0 612#F12130F3392D5000
(1708736776.125598) can0 612#F122004E00FFFFFF
(1708736776.153190) can0 130#45FFFDFFFF
(1708736776.163226) can0 6F1#120221F000000000
(1708736776.174391) can0 612#F1100E61F000464E
(1708736776.175037) can0 6F1#1230000000000000
(1708736776.175304) can0 612#F12130F3392D5000
(1708736776.175545) can0 612#F122004E00FFFFFF
(1708736776.213040) can0 6F1#120221F000000000
(1708736776.224412) can0 612#F1100E61F000464F
(1708736776.225053) can0 6F1#1230000000000000
(1708736776.225353) can0 612#F12130F3392D5000
(1708736776.225634) can0 612#F122004F00FFFFFF
(1708736776.253196) can0 130#45FFFDFFFF
(1708736776.262528) can0 6F1#120221F000000000
(1708736776.274398) can0 612#F1100E61F000464F
(1708736776.275043) can0 6F1#1230000000000000
(1708736776.275287) can0 612#F12130F3392D5000
(1708736776.275530) can0 612#F122004F00FFFFFF
(1708736776.312372) can0 6F1#120221F000000000
(1708736776.324392) can0 612#F1100E61F000464F
(1708736776.325036) can0 6F1#1230000000000000
(1708736776.325320) can0 612#F12130F3392D5000
(1708736776.325603) can0 612#F122004F00FFFFFF
(1708736776.353208) can0 130#45FFFDFFFF
(1708736776.362719) can0 6F1#120221F000000000
(1708736776.374395) can0 612#F1100E61F000464F
(1708736776.375039) can0 6F1#1230000000000000
(1708736776.375301) can0 612#F12130F3392D5000
(1708736776.375550) can0 612#F122004F00FFFFFF
(1708736776.412854) can0 6F1#120221F000000000
(1708736776.424385) can0 612#F1100E61F000464F
(1708736776.425041) can0 6F1#1230000000000000
(1708736776.425324) can0 612#F12130F3392D5000
(1708736776.425608) can0 612#F122004F00FFFFFF
(1708736776.453208) can0 130#45FFFDFFFF
(1708736776.462775) can0 6F1#120221F000000000
(1708736776.474400) can0 612#F1100E61F000464F
(1708736776.475021) can0 6F1#1230000000000000
(1708736776.475310) can0 612#F12130F3392D5000
(1708736776.475614) can0 612#F122004F00FFFFFF
(1708736776.512270) can0 6F1#120221F000000000
(1708736776.524385) can0 612#F1100E61F000464F
(1708736776.525019) can0 6F1#1230000000000000
(1708736776.525311) can0 612#F12130F3392D5000
(1708736776.525594) can0 612#F122004F00FFFFFF
(1708736776.553185) can0 130#45FFFDFFFF
(1708736776.561882) can0 6F1#120221F000000000
(1708736776.574368) can0 612#F1100E61F000464F
(1708736776.575033) can0 6F1#1230000000000000
(1708736776.575301) can0 612#F12130F3392D5000
(1708736776.575548) can0 612#F122004F00FFFFFF
(1708736776.611966) can0 6F1#120221F000000000
(1708736776.624419) can0 612#F1100E61F000464F
(1708736776.625059) can0 6F1#1230000000000000
(1708736776.625355) can0 612#F12130F3392D5000
(1708736776.625641) can0 612#F122004F00FFFFFF
(1708736776.653234) can0 130#45FFFDFFFF
(1708736776.661577) can0 6F1#120221F000000000
(1708736776.674362) can0 612#F1100E61F000464F
(1708736776.675024) can0 6F1#1230000000000000
(1708736776.675328) can0 612#F12130F3392D5000
(1708736776.675577) can0 612#F122004F00FFFFFF
(1708736776.711262) can0 6F1#120221F000000000
(1708736776.724401) can0 612#F1100E61F000464F
(1708736776.725043) can0 6F1#1230000000000000
(1708736776.725334) can0 612#F12130F3392D5000
(1708736776.725616) can0 612#F122004F00FFFFFF
(1708736776.753247) can0 130#45FFFDFFFF
(1708736776.761258) can0 6F1#120221F000000000
(1708736776.774362) can0 612#F1100E61F000464F
(1708736776.775020) can0 6F1#1230000000000000
(1708736776.775311) can0 612#F12130F3392D5000
(1708736776.775590) can0 612#F122004F00FFFFFF
(1708736776.811324) can0 6F1#120221F000000000
(1708736776.824393) can0 612#F1100E61F000464F
(1708736776.825043) can0 6F1#1230000000000000
(1708736776.825329) can0 612#F12130F3392D5000
(1708736776.825610) can0 612#F122004F00FFFFFF
(1708736776.853254) can0 130#45FFFDFFFF
(1708736776.861295) can0 6F1#120221F000000000
(1708736776.874362) can0 612#F1100E61F000464F
(1708736776.875032) can0 6F1#1230000000000000
(1708736776.875276) can0 612#F12130F3392D5000
(1708736776.875522) can0 612#F122004F00FFFFFF
(1708736776.910828) can0 6F1#120221F000000000
(1708736776.924397) can0 612#F1100E61F000464E
(1708736776.925048) can0 6F1#1230000000000000
(1708736776.925332) can0 612#F12130F3392D5000
(1708736776.925611) can0 612#F122004E00FFFFFF
(1708736776.953219) can0 130#45FFFDFFFF
(1708736776.960976) can0 6F1#120221F000000000
(1708736776.974367) can0 612#F1100E61F000464E
(1708736776.975039) can0 6F1#1230000000000000
(1708736776.975285) can0 612#F12130F3392D5000
(1708736776.975530) can0 612#F122004E00FFFFFF
(1708736777.010962) can0 6F1#120221F000000000
(1708736777.024400) can0 612#F1100E61F000464F
(1708736777.025041) can0 6F1#1230000000000000
(1708736777.025337) can0 612#F12130F3392D5000
(1708736777.025616) can0 612#F122004F00FFFFFF
(1708736777.053212) can0 130#45FFFDFFFF
(1708736777.061547) can0 6F1#120221F000000000
(1708736777.074365) can0 612#F1100E61F000464F
(1708736777.075027) can0 6F1#1230000000000000
(1708736777.075318) can0 612#F12130F3392D5000
(1708736777.075568) can0 612#F122004F00FFFFFF
(1708736777.110720) can0 6F1#120221F000000000
(1708736777.124396) can0 612#F1100E61F000464F
(1708736777.125044) can0 6F1#1230000000000000
(1708736777.125326) can0 612#F12130F3392D5000
(1708736777.125608) can0 612#F122004F00FFFFFF
(1708736777.153177) can0 130#45FFFDFFFF
(1708736777.160681) can0 6F1#120221F000000000
(1708736777.174390) can0 612#F1100E61F000464F
(1708736777.175026) can0 6F1#1230000000000000
(1708736777.175321) can0 612#F12130F3392D5000
(1708736777.175570) can0 612#F122004F00FFFFFF
(1708736777.210534) can0 6F1#120221F000000000
(1708736777.224390) can0 612#F1100E61F000464F
(1708736777.225031) can0 6F1#1230000000000000
(1708736777.225322) can0 612#F12130F3392D5000
(1708736777.225606) can0 612#F122004F00FFFFFF
(1708736777.253231) can0 130#45FFFDFFFF
(1708736777.260811) can0 6F1#120221F000000000
(1708736777.274387) can0 612#F1100E61F000464F
(1708736777.275033) can0 6F1#1230000000000000
(1708736777.275315) can0 612#F12130F3392D5000
(1708736777.275596) can0 612#F122004F00FFFFFF
(1708736777.353209) can0 130#45FFFDFFFF
(1708736777.411616) can0 6F1#120221F000000000
(1708736777.424345) can0 612#F1100E61F000464F
(1708736777.425008) can0 6F1#1230000000000000
(1708736777.425297) can0 612#F12130F3392D5000
(1708736777.425577) can0 612#F122004F00FFFFFF
(1708736777.453286) can0 130#45FFFDFFFF
(1708736777.459972) can0 6F1#120221F000000000
(1708736777.474373) can0 612#F1100E61F000464F
(1708736777.475037) can0 6F1#1230000000000000
(1708736777.475326) can0 612#F12130F3392D5000
(1708736777.475569) can0 612#F122004F00FFFFFF
(1708736777.510284) can0 6F1#120221F000000000
(1708736777.524345) can0 612#F1100E61F000464F
(1708736777.525011) can0 6F1#1230000000000000
(1708736777.525302) can0 612#F12130F3392D5000
(1708736777.525550) can0 612#F122004F00FFFFFF
(1708736777.553205) can0 130#45FFFDFFFF
(1708736777.559494) can0 6F1#120221F000000000
(1708736777.574397) can0 612#F1100E61F000464F
(1708736777.575036) can0 6F1#1230000000000000
(1708736777.575329) can0 612#F12130F3392D5000
(1708736777.575575) can0 612#F122004F00FFFFFF
(1708736777.609612) can0 6F1#120221F000000000
(1708736777.624369) can0 612#F1100E61F000464F
(1708736777.625021) can0 6F1#1230000000000000
(1708736777.625312) can0 612#F12130F3392D5000
(1708736777.625597) can0 612#F122004F00FFFFFF
(1708736777.653225) can0 130#45FFFDFFFF
(1708736777.659710) can0 6F1#120221F000000000
(1708736777.674376) can0 612#F1100E61F000464F
(1708736777.675017) can0 6F1#1230000000000000
(1708736777.675312) can0 612#F12130F3392D5000
(1708736777.675558) can0 612#F122004F00FFFFFF
(1708736777.709564) can0 6F1#120221F000000000
(1708736777.724369) can0 612#F1100E61F000464F
(1708736777.725011) can0 6F1#1230000000000000
(1708736777.725308) can0 612#F12130F3392D5000
(1708736777.725551) can0 612#F122004F00FFFFFF
(1708736777.753238) can0 130#45FFFDFFFF
(1708736777.759473) can0 6F1#120221F000000000
(1708736777.774399) can0 612#F1100E61F000464F
(1708736777.775039) can0 6F1#1230000000000000
(1708736777.775334) can0 612#F12130F3392D5000
(1708736777.775584) can0 612#F122004F00FFFFFF
(1708736777.809674) can0 6F1#120221F000000000
(1708736777.824364) can0 612#F1100E61F000464F
(1708736777.825018) can0 6F1#1230000000000000
(1708736777.825316) can0 612#F12130F3392D5000
(1708736777.825559) can0 612#F122004F00FFFFFF
(1708736777.853234) can0 130#45FFFDFFFF
(1708736777.859342) can0 6F1#120221F000000000
(1708736777.874376) can0 612#F1100E61F000464F
(1708736777.875021) can0 6F1#1230000000000000
(1708736777.875316) can0 612#F12130F3392D5000
(1708736777.875562) can0 612#F122004F00FFFFFF
(1708736777.908771) can0 6F1#120221F000000000
(1708736777.924369) can0 612#F1100E61F000464F
(1708736777.925026) can0 6F1#1230000000000000
(1708736777.925288) can0 612#F12130F3392D5000
(1708736777.925536) can0 612#F122004F00FFFFFF
(1708736777.953208) can0 130#45FFFDFFFF
(1708736777.958621) can0 6F1#120221F000000000
(1708736777.974382) can0 612#F1100E61F000464F
(1708736777.975026) can0 6F1#1230000000000000
(1708736777.975283) can0 612#F12130F3392D5000
(1708736777.975524) can0 612#F122004F00FFFFFF
(1708736778.009914) can0 6F1#120221F000000000
(1708736778.024368) can0 612#F1100E61F000464F
(1708736778.025007) can0 6F1#1230000000000000
(1708736778.025303) can0 612#F12130F3392D5000
(1708736778.025584) can0 612#F122004F00FFFFFF
(1708736778.053222) can0 130#45FFFDFFFF
(1708736778.058999) can0 6F1#120221F000000000
(1708736778.074348) can0 612#F1100E61F000464F
(1708736778.075011) can0 6F1#1230000000000000
(1708736778.075307) can0 612#F12130F3392D5000
(1708736778.075554) can0 612#F122004F00FFFFFF
(1708736778.108736) can0 6F1#120221F000000000
(1708736778.124376) can0 612#F1100E61F000464F
(1708736778.125026) can0 6F1#1230000000000000
(1708736778.125275) can0 612#F12130F3392D5000
(1708736778.125519) can0 612#F122004F00FFFFFF
(1708736778.153240) can0 130#45FFFDFFFF
(1708736778.159030) can0 6F1#120221F000000000
(1708736778.174359) can0 612#F1100E61F000464F
(1708736778.175017) can0 6F1#1230000000000000
(1708736778.175315) can0 612#F12130F3392D5000
(1708736778.175565) can0 612#F122004F00FFFFFF
(1708736778.209996) can0 6F1#120221F000000000
(1708736778.224380) can0 612#F1100E61F000464F
(1708736778.225022) can0 6F1#1230000000000000
(1708736778.225283) can0 612#F12130F3392D5000
(1708736778.225525) can0 612#F122004F00FFFFFF
(1708736778.253235) can0 130#45FFFDFFFF
(1708736778.258289) can0 6F1#120221F000000000
(1708736778.274386) can0 612#F1100E61F000464F
(1708736778.275036) can0 6F1#1230000000000000
(1708736778.275286) can0 612#F12130F3392D5000
(1708736778.275530) can0 612#F122004F00FFFFFF
(1708736778.308593) can0 6F1#120221F000000000
(1708736778.324377) can0 612#F1100E61F000464F
(1708736778.325023) can0 6F1#1230000000000000
(1708736778.325314) can0 612#F12130F3392D5000
(1708736778.325561) can0 612#F122004F00FFFFFF
(1708736778.353217) can0 130#45FFFDFFFF
(1708736778.358264) can0 6F1#120221F000000000
(1708736778.374385) can0 612#F1100E61F000464F
(1708736778.375031) can0 6F1#1230000000000000
(1708736778.375276) can0 612#F12130F3392D5000
(1708736778.375524) can0 612#F122004F00FFFFFF
(1708736778.408314) can0 6F1#120221F000000000
(1708736778.424377) can0 612#F1100E61F000464F
(1708736778.425016) can0 6F1#1230000000000000
(1708736778.425312) can0 612#F12130F3392D5000
(1708736778.425593) can0 612#F122004F00FFFFFF
(1708736778.453246) can0 130#45FFFDFFFF
(1708736778.457711) can0 6F1#120221F000000000
(1708736778.474388) can0 612#F1100E61F000464F
(1708736778.475032) can0 6F1#1230000000000000
(1708736778.475325) can0 612#F12130F3392D5000
(1708736778.475571) can0 612#F122004F00FFFFFF
(1708736778.507561) can0 6F1#120221F000000000
(1708736778.524364) can0 612#F1100E61F000464F
(1708736778.525021) can0 6F1#1230000000000000
(1708736778.525315) can0 612#F12130F3392D5000
(1708736778.525564) can0 612#F122004F00FFFFFF
(1708736778.553220) can0 130#45FFFDFFFF
(1708736778.557336) can0 6F1#120221F000000000
(1708736778.574356) can0 612#F1100E61F000464F
(1708736778.575014) can0 6F1#1230000000000000
(1708736778.575310) can0 612#F12130F3392D5000
(1708736778.575555) can0 612#F122004F00FFFFFF
(1708736778.607843) can0 6F1#120221F000000000
(1708736778.624383) can0 612#F1100E61F000464F
(1708736778.625024) can0 6F1#1230000000000000
(1708736778.625287) can0 612#F12130F3392D5000
(1708736778.625531) can0 612#F122004F00FFFFFF
(1708736778.653243) can0 130#45FFFDFFFF
(1708736778.657787) can0 6F1#120221F000000000
(1708736778.674388) can0 612#F1100E61F000464F
(1708736778.675032) can0 6F1#1230000000000000
(1708736778.675293) can0 612#F12130F3392D5000
(1708736778.675537) can0 612#F122004F00FFFFFF
(1708736778.707304) can0 6F1#120221F000000000
(1708736778.724384) can0 612#F1100E61F000464F
(1708736778.725025) can0 6F1#1230000000000000
(1708736778.725325) can0 612#F12130F3392D5000
(1708736778.725574) can0 612#F122004F00FFFFFF
(1708736778.753217) can0 130#45FFFDFFFF
(1708736778.756613) can0 6F1#120221F000000000
(1708736778.774381) can0 612#F1100E61F000464F
(1708736778.775022) can0 6F1#1230000000000000
(1708736778.775316) can0 612#F12130F3392D5000
(1708736778.775564) can0 612#F122004F00FFFFFF
(1708736778.807494) can0 6F1#120221F000000000
(1708736778.824363) can0 612#F1100E61F000464E
(1708736778.825023) can0 6F1#1230000000000000
(1708736778.825321) can0 612#F12130F3392D5000
(1708736778.825564) can0 612#F122004E00FFFFFF
(1708736778.853247) can0 130#45FFFDFFFF
(1708736778.857608) can0 6F1#120221F000000000
(1708736778.874387) can0 612#F1100E61F000464E
(1708736778.875038) can0 6F1#1230000000000000
(1708736778.875285) can0 612#F12130F3392D5000
(1708736778.875527) can0 612#F122004E00FFFFFF
(1708736778.906955) can0 6F1#120221F000000000
(1708736778.924386) can0 612#F1100E61F000464F
(1708736778.925038) can0 6F1#1230000000000000
(1708736778.925322) can0 612#F12130F3392D5000
(1708736778.925606) can0 612#F122004F00FFFFFF
(1708736778.953226) can0 130#45FFFDFFFF
(1708736778.956875) can0 6F1#120221F000000000
(1708736778.974392) can0 612#F1100E61F000464F
(1708736778.975029) can0 6F1#1230000000000000
(1708736778.975289) can0 612#F12130F3392D5000
(1708736778.975535) can0 612#F122004F00FFFFFF
(1708736779.007194) can0 6F1#120221F000000000
(1708736779.024383) can0 612#F1100E61F000464F
(1708736779.025029) can0 6F1#1230000000000000
(1708736779.025289) can0 612#F12130F3392D5000
(1708736779.025535) can0 612#F122004F00FFFFFF
(1708736779.053258) can0 130#45FFFDFFFF
(1708736779.056519) can0 6F1#120221F000000000
(1708736779.074345) can0 612#F1100E61F000464F
(1708736779.075024) can0 6F1#1230000000000000
(1708736779.075327) can0 612#F12130F3392D5000
(1708736779.075587) can0 612#F122004F00FFFFFF
(1708736779.106032) can0 6F1#120221F000000000
(1708736779.124386) can0 612#F1100E61F000464F
(1708736779.125026) can0 6F1#1230000000000000
(1708736779.125320) can0 612#F12130F3392D5000
(1708736779.125600) can0 612#F122004F00FFFFFF
(1708736779.153227) can0 130#45FFFDFFFF
(1708736779.156476) can0 6F1#120221F000000000
(1708736779.174385) can0 612#F1100E61F000464F
(1708736779.175030) can0 6F1#1230000000000000
(1708736779.175324) can0 612#F12130F3392D5000
(1708736779.175568) can0 612#F122004F00FFFFFF
(1708736779.206074) can0 6F1#120221F000000000
(1708736779.224390) can0 612#F1100E61F000464F
(1708736779.225032) can0 6F1#1230000000000000
(1708736779.225292) can0 612#F12130F3392D5000
(1708736779.225537) can0 612#F122004F00FFFFFF
(1708736779.253250) can0 130#45FFFDFFFF
(1708736779.255962) can0 6F1#120221F000000000
(1708736779.274384) can0 612#F1100E61F000464F
(1708736779.275021) can0 6F1#1230000000000000
(1708736779.275317) can0 612#F12130F3392D5000
(1708736779.275564) can0 612#F122004F00FFFFFF
(1708736779.305933) can0 6F1#120221F000000000
(1708736779.324354) can0 612#F1100E61F000464E
(1708736779.325034) can0 6F1#1230000000000000
(1708736779.325297) can0 612#F12130F3392D5000
(1708736779.325551) can0 612#F122004E00FFFFFF
(1708736779.353241) can0 130#45FFFDFFFF
(1708736779.355505) can0 6F1#120221F000000000
(1708736779.374369) can0 612#F1100E61F000464E
(1708736779.375031) can0 6F1#1230000000000000
(1708736779.375328) can0 612#F12130F3392D5000
(1708736779.375574) can0 612#F122004E00FFFFFF
(1708736779.405528) can0 6F1#120221F000000000
(1708736779.424354) can0 612#F1100E61F000464F
(1708736779.425023) can0 6F1#1230000000000000
(1708736779.425323) can0 612#F12130F3392D5000
(1708736779.425570) can0 612#F122004F00FFFFFF
(1708736779.453257) can0 130#45FFFDFFFF
(1708736779.459266) can0 6F1#120221F000000000
(1708736779.474384) can0 612#F1100E61F000464F
(1708736779.475032) can0 6F1#1230000000000000
(1708736779.475292) can0 612#F12130F3392D5000
(1708736779.475536) can0 612#F122004F00FFFFFF
(1708736779.515109) can0 6F1#120221F000000000
(1708736779.534382) can0 612#F1100E61F000464F
(1708736779.535018) can0 6F1#1230000000000000
(1708736779.535314) can0 612#F12130F3392D5000
(1708736779.535558) can0 612#F122004F00FFFFFF
(1708736779.553224) can0 130#45FFFDFFFF
(1708736779.604642) can0 6F1#120221F000000000
(1708736779.624387) can0 612#F1100E61F000464F
(1708736779.625032) can0 6F1#1230000000000000
(1708736779.625289) can0 612#F12130F3392D5000
(1708736779.625535) can0 612#F122004F00FFFFFF
(1708736779.653281) can0 130#45FFFDFFFF
(1708736779.655931) can0 6F1#120221F000000000
(1708736779.674369) can0 612#F1100E61F000464F
(1708736779.675039) can0 6F1#1230000000000000
(1708736779.675287) can0 612#F12130F3392D5000
(1708736779.675533) can0 612#F122004F00FFFFFF
(1708736779.753249) can0 130#45FFFDFFFF
(1708736779.807259) can0 6F1#120221F000000000
(1708736779.824381) can0 612#F1100E61F000464F
(1708736779.825020) can0 6F1#1230000000000000
(1708736779.825317) can0 612#F12130F3392D5000
(1708736779.825563) can0 612#F122004F00FFFFFF
(1708736779.853252) can0 130#45FFFDFFFF
(1708736779.854882) can0 6F1#120221F000000000
(1708736779.874354) can0 612#F1100E61F000464F
(1708736779.875021) can0 6F1#1230000000000000
(1708736779.875317) can0 612#F12130F3392D5000
(1708736779.875600) can0 612#F122004F00FFFFFF
(1708736779.903911) can0 6F1#120221F000000000
(1708736779.914391) can0 612#F1100E61F000464F
(1708736779.915037) can0 6F1#1230000000000000
(1708736779.915297) can0 612#F12130F3392D5000
(1708736779.915546) can0 612#F122004F00FFFFFF
(1708736779.953286) can0 130#45FFFDFFFF
(1708736779.954694) can0 6F1#120221F000000000
(1708736779.974370) can0 612#F1100E61F000464F
(1708736779.975017) can0 6F1#1230000000000000
(1708736779.975309) can0 612#F12130F3392D5000
(1708736779.975591) can0 612#F122004F00FFFFFF
(1708736780.004787) can0 6F1#120221F000000000
(1708736780.024400) can0 612#F1100E61F000464F
(1708736780.025021) can0 6F1#1230000000000000
(1708736780.025312) can0 612#F12130F3392D5000
(1708736780.025613) can0 612#F122004F00FFFFFF
(1708736780.053302) can0 130#45FFFDFFFF
(1708736780.054714) can0 6F1#120221F000000000
(1708736780.074368) can0 612#F1100E61F000464F
(1708736780.075024) can0 6F1#1230000000000000
(1708736780.075298) can0 612#F12130F3392D5000
(1708736780.075544) can0 612#F122004F00FFFFFF
(1708736780.103769) can0 6F1#120221F000000000
(1708736780.114369) can0 612#F1100E61F000464F
(1708736780.115036) can0 6F1#1230000000000000
(1708736780.115332) can0 612#F12130F3392D5000
(1708736780.115574) can0 612#F122004F00FFFFFF
(1708736780.153314) can0 130#45FFFDFFFF
(1708736780.153635) can0 6F1#120221F000000000
(1708736780.164357) can0 612#F1100E61F000464F
(1708736780.165022) can0 6F1#1230000000000000
(1708736780.165317) can0 612#F12130F3392D5000
(1708736780.165597) can0 612#F122004F00FFFFFF
(1708736780.203552) can0 6F1#120221F000000000
(1708736780.214393) can0 612#F1100E61F000464E
(1708736780.215037) can0 6F1#1230000000000000
(1708736780.215300) can0 612#F12130F3392D5000
(1708736780.215545) can0 612#F122004E00FFFFFF
(1708736780.253287) can0 130#45FFFDFFFF
(1708736780.253612) can0 6F1#120221F000000000
(1708736780.264362) can0 612#F1100E61F000464E
(1708736780.265023) can0 6F1#1230000000000000
(1708736780.265318) can0 612#F12130F3392D5000
(1708736780.265561) can0 612#F122004E00FFFFFF
(1708736780.303621) can0 6F1#120221F000000000
(1708736780.314397) can0 612#F1100E61F000464F
(1708736780.315014) can0 6F1#1230000000000000
(1708736780.315300) can0 612#F12130F3392D5000
(1708736780.315578) can0 612#F122004F00FFFFFF
(1708736780.353245) can0 130#45FFFDFFFF
(1708736780.353907) can0 6F1#120221F000000000
(1708736780.364362) can0 612#F1100E61F000464F
(1708736780.365018) can0 6F1#1230000000000000
(1708736780.365311) can0 612#F12130F3392D5000
(1708736780.365593) can0 612#F122004F00FFFFFF
(1708736780.403710) can0 6F1#120221F000000000
(1708736780.414397) can0 612#F1100E61F000464F
(1708736780.415045) can0 6F1#1230000000000000
(1708736780.415339) can0 612#F12130F3392D5000
(1708736780.415583) can0 612#F122004F00FFFFFF
(1708736780.453277) can0 130#45FFFDFFFF
(1708736780.453567) can0 6F1#120221F000000000
(1708736780.464364) can0 612#F1100E61F000464F
(1708736780.465027) can0 6F1#1230000000000000
(1708736780.465321) can0 612#F12130F3392D5000
(1708736780.465599) can0 612#F122004F00FFFFFF
(1708736780.503556) can0 6F1#120221F000000000
(1708736780.514399) can0 612#F1100E61F000464F
(1708736780.515046) can0 6F1#1230000000000000
(1708736780.515306) can0 612#F12130F3392D5000
(1708736780.515550) can0 612#F122004F00FFFFFF
(1708736780.553018) can0 6F1#120221F000000000
(1708736780.553305) can0 130#45FFFDFFFF
(1708736780.564365) can0 612#F1100E61F000464F
(1708736780.565026) can0 6F1#1230000000000000
(1708736780.565320) can0 612#F12130F3392D5000
(1708736780.565566) can0 612#F122004F00FFFFFF
(1708736780.603267) can0 6F1#120221F000000000
(1708736780.614370) can0 612#F1100E61F000464F
(1708736780.615027) can0 6F1#1230000000000000
(1708736780.615325) can0 612#F12130F3392D5000
(1708736780.615573) can0 612#F122004F00FFFFFF
(1708736780.652309) can0 6F1#120221F000000000
(1708736780.653274) can0 130#45FFFDFFFF
(1708736780.664360) can0 612#F1100E61F000464F
(1708736780.665030) can0 6F1#1230000000000000
(1708736780.665326) can0 612#F12130F3392D5000
(1708736780.665576) can0 612#F122004F00FFFFFF
(1708736780.702810) can0 6F1#120221F000000000
(1708736780.714393) can0 612#F1100E61F000464F
(1708736780.715050) can0 6F1#1230000000000000
(1708736780.715314) can0 612#F12130F3392D5000
(1708736780.715561) can0 612#F122004F00FFFFFF
(1708736780.753281) can0 130#45FFFDFFFF
(1708736780.753608) can0 6F1#120221F000000000
(1708736780.764361) can0 612#F1100E61F000464F
(1708736780.765023) can0 6F1#1230000000000000
(1708736780.765320) can0 612#F12130F3392D5000
(1708736780.765566) can0 612#F122004F00FFFFFF
(1708736780.801924) can0 6F1#120221F000000000
(1708736780.814392) can0 612#F1100E61F000464F
(1708736780.815044) can0 6F1#1230000000000000
(1708736780.815309) can0 612#F12130F3392D5000
(1708736780.815560) can0 612#F122004F00FFFFFF
(1708736780.851835) can0 6F1#120221F000000000
(1708736780.853493) can0 130#45FFFDFFFF
(1708736780.864363) can0 612#F1100E61F000464F
(1708736780.865046) can0 6F1#1230000000000000
(1708736780.865299) can0 612#F12130F3392D5000
(1708736780.865543) can0 612#F122004F00FFFFFF
(1708736780.902508) can0 6F1#120221F000000000
(1708736780.914364) can0 612#F1100E61F000464F
(1708736780.915025) can0 6F1#1230000000000000
(1708736780.915321) can0 612#F12130F3392D5000
(1708736780.915575) can0 612#F122004F00FFFFFF
(1708736780.952359) can0 6F1#120221F000000000
(1708736780.953269) can0 130#45FFFDFFFF
(1708736780.964364) can0 612#F1100E61F000464F
(1708736780.965040) can0 6F1#1230000000000000
(1708736780.965305) can0 612#F12130F3392D5000
(1708736780.965563) can0 612#F122004F00FFFFFF
(1708736781.002214) can0 6F1#120221F000000000
(1708736781.014397) can0 612#F1100E61F000464F
(1708736781.015050) can0 6F1#1230000000000000
(1708736781.015298) can0 612#F12130F3392D5000
(1708736781.015550) can0 612#F122004F00FFFFFF
(1708736781.052315) can0 6F1#120221F000000000
(1708736781.053312) can0 130#45FFFDFFFF
(1708736781.064366) can0 612#F1100E61F000464F
(1708736781.065030) can0 6F1#1230000000000000
(1708736781.065325) can0 612#F12130F3392D5000
(1708736781.065580) can0 612#F122004F00FFFFFF
(1708736781.101532) can0 6F1#120221F000000000
(1708736781.114655) can0 612#F1100E61F000464E
(1708736781.115313) can0 6F1#1230000000000000
(1708736781.115560) can0 612#F12130F3392D5000
(1708736781.115814) can0 612#F122004E00FFFFFF
(1708736781.151653) can0 6F1#120221F000000000
(1708736781.153526) can0 130#45FFFDFFFF
(1708736781.164362) can0 612#F1100E61F000464E
(1708736781.165046) can0 6F1#1230000000000000
(1708736781.165298) can0 612#F12130F3392D5000
(1708736781.165559) can0 612#F122004E00FFFFFF
(1708736781.201094) can0 6F1#120221F000000000
(1708736781.214369) can0 612#F1100E61F000464F
(1708736781.215031) can0 6F1#1230000000000000
(1708736781.215326) can0 612#F12130F3392D5000
(1708736781.215572) can0 612#F122004F00FFFFFF
(1708736781.251304) can0 6F1#120221F000000000
(1708736781.253833) can0 130#45FFFDFFFF
(1708736781.264360) can0 612#F1100E61F000464F
(1708736781.265044) can0 6F1#1230000000000000
(1708736781.265295) can0 612#F12130F3392D5000
(1708736781.265549) can0 612#F122004F00FFFFFF
(1708736781.301062) can0 6F1#120221F000000000
(1708736781.314393) can0 612#F1100E61F000464F
(1708736781.315033) can0 6F1#1230000000000000
(1708736781.315327) can0 612#F12130F3392D5000
(1708736781.315606) can0 612#F122004F00FFFFFF
(1708736781.351362) can0 6F1#120221F000000000
(1708736781.353339) can0 130#45FFFDFFFF
(1708736781.364365) can0 612#F1100E61F000464F
(1708736781.365035) can0 6F1#1230000000000000
(1708736781.365283) can0 612#F12130F3392D5000
(1708736781.365532) can0 612#F122004F00FFFFFF
(1708736781.400866) can0 6F1#120221F000000000
(1708736781.414394) can0 612#F1100E61F000464F
(1708736781.415037) can0 6F1#1230000000000000
(1708736781.415291) can0 612#F12130F3392D5000
(1708736781.415535) can0 612#F122004F00FFFFFF
(1708736781.450657) can0 6F1#120221F000000000
(1708736781.453372) can0 130#45FFFDFFFF
(1708736781.464361) can0 612#F1100E61F000464F
(1708736781.465024) can0 6F1#1230000000000000
(1708736781.465321) can0 612#F12130F3392D5000
(1708736781.465565) can0 612#F122004F00FFFFFF
(1708736781.500594) can0 6F1#120221F000000000
(1708736781.514373) can0 612#F1100E61F000464F
(1708736781.515033) can0 6F1#1230000000000000
(1708736781.515316) can0 612#F12130F3392D5000
(1708736781.515595) can0 612#F122004F00FFFFFF
(1708736781.551077) can0 6F1#120221F000000000
(1708736781.553343) can0 130#45FFFDFFFF
(1708736781.564390) can0 612#F1100E61F000464F
(1708736781.565031) can0 6F1#1230000000000000
(1708736781.565341) can0 612#F12130F3392D5000
(1708736781.565587) can0 612#F122004F00FFFFFF
(1708736781.600724) can0 6F1#120221F000000000
(1708736781.614358) can0 612#F1100E61F000464F
(1708736781.614990) can0 6F1#1230000000000000
(1708736781.615252) can0 612#F12130F3392D5000
(1708736781.615544) can0 612#F122004F00FFFFFF
(1708736781.650033) can0 6F1#120221F000000000
(1708736781.653252) can0 130#45FFFDFFFF
(1708736781.664347) can0 612#F1100E61F000464F
(1708736781.664995) can0 6F1#1230000000000000
(1708736781.665257) can0 612#F12130F3392D5000
(1708736781.665494) can0 612#F122004F00FFFFFF
(1708736781.700783) can0 6F1#120221F000000000
(1708736781.714398) can0 612#F1100E61F000464F
(1708736781.715047) can0 6F1#1230000000000000
(1708736781.715321) can0 612#F12130F3392D5000
(1708736781.715580) can0 612#F122004F00FFFFFF
(1708736781.750195) can0 6F1#120221F000000000
(1708736781.753286) can0 130#45FFFDFFFF
(1708736781.764387) can0 612#F1100E61F000464F
(1708736781.765021) can0 6F1#1230000000000000
(1708736781.765319) can0 612#F12130F3392D5000
(1708736781.765597) can0 612#F122004F00FFFFFF
(1708736781.799840) can0 6F1#120221F000000000
(1708736781.814386) can0 612#F1100E61F000464F
(1708736781.815028) can0 6F1#1230000000000000
(1708736781.815321) can0 612#F12130F3392D5000
(1708736781.815566) can0 612#F122004F00FFFFFF
(1708736781.849427) can0 6F1#120221F000000000
(1708736781.853299) can0 130#45FFFDFFFF
(1708736781.864388) can0 612#F1100E61F000464F
(1708736781.865033) can0 6F1#1230000000000000
(1708736781.865329) can0 612#F12130F3392D5000
(1708736781.865572) can0 612#F122004F00FFFFFF
(1708736781.899921) can0 6F1#120221F000000000
(1708736781.914397) can0 612#F1100E61F000464F
(1708736781.915044) can0 6F1#1230000000000000
(1708736781.915302) can0 612#F12130F339255000
(1708736781.915549) can0 612#F122004F00FFFFFF
(1708736781.951083) can0 6F1#120221F000000000
(1708736781.953355) can0 130#45FFFDFFFF
(1708736781.964393) can0 612#F1100E61F000464F
(1708736781.965044) can0 6F1#1230000000000000
(1708736781.965293) can0 612#F12130F3392D5000
(1708736781.965540) can0 612#F122004F00FFFFFF
(1708736782.006072) can0 6F1#120221F000000000
(1708736782.024402) can0 612#F1100E61F000464E
(1708736782.025049) can0 6F1#1230000000000000
(1708736782.025297) can0 612#F12130F3392D5000
(1708736782.025541) can0 612#F122004E00FFFFFF
(1708736782.053358) can0 130#45FFFDFFFF
(1708736782.153273) can0 130#45FFFDFFFF
(1708736782.161774) can0 6F1#120221F000000000
(1708736782.174398) can0 612#F1100E61F000464F
(1708736782.175048) can0 6F1#1230000000000000
(1708736782.175296) can0 612#F12130F3392D5000
(1708736782.175540) can0 612#F122004F00FFFFFF
(1708736782.249061) can0 6F1#120221F000000000
(1708736782.253307) can0 130#45FFFDFFFF
(1708736782.264401) can0 612#F1100E61F000464F
(1708736782.265045) can0 6F1#1230000000000000
(1708736782.265307) can0 612#F12130F3392D5000
(1708736782.265573) can0 612#F122004F00FFFFFF
(1708736782.298870) can0 6F1#120221F000000000
(1708736782.314397) can0 612#F1100E61F000464F
(1708736782.315046) can0 6F1#1230000000000000
(1708736782.315311) can0 612#F12130F3392D5000
(1708736782.315569) can0 612#F122004F00FFFFFF
(1708736782.348555) can0 6F1#120221F000000000
(1708736782.353283) can0 130#45FFFDFFFF
(1708736782.364401) can0 612#F1100E61F000464F
(1708736782.365043) can0 6F1#1230000000000000
(1708736782.365296) can0 612#F12130F3392D5000
(1708736782.365546) can0 612#F122004F00FFFFFF
(1708736782.399087) can0 6F1#120221F000000000
(1708736782.414392) can0 612#F1100E61F000464F
(1708736782.415038) can0 6F1#1230000000000000
(1708736782.415299) can0 612#F12130F3392D5000
(1708736782.415543) can0 612#F122004F00FFFFFF
(1708736782.448762) can0 6F1#120221F000000000
(1708736782.453335) can0 130#45FFFDFFFF
(1708736782.464407) can0 612#F1100E61F000464F
(1708736782.465052) can0 6F1#1230000000000000
(1708736782.465301) can0 612#F12130F3392D5000
(1708736782.465552) can0 612#F122004F00FFFFFF
(1708736782.498918) can0 6F1#120221F000000000
(1708736782.514404) can0 612#F1100E61F000464F
(1708736782.515049) can0 6F1#1230000000000000
(1708736782.515307) can0 612#F12130F3392D5000
(1708736782.515553) can0 612#F122004F00FFFFFF
(1708736782.548875) can0 6F1#120221F000000000
(1708736782.553318) can0 130#45FFFDFFFF
(1708736782.564403) can0 612#F1100E61F000464F
(1708736782.565041) can0 6F1#1230000000000000
(1708736782.565303) can0 612#F12130F3392D5000
(1708736782.565553) can0 612#F122004F00FFFFFF
(1708736782.598919) can0 6F1#120221F000000000
(1708736782.614397) can0 612#F1100E61F000464F
(1708736782.615053) can0 6F1#1230000000000000
(1708736782.615303) can0 612#F12130F3392D5000
(1708736782.615551) can0 612#F122004F00FFFFFF
(1708736782.648182) can0 6F1#120221F000000000
(1708736782.653311) can0 130#45FFFDFFFF
(1708736782.664399) can0 612#F1100E61F000464F
(1708736782.665041) can0 6F1#1230000000000000
(1708736782.665300) can0 612#F12130F3392D5000
(1708736782.665543) can0 612#F122004F00FFFFFF
(1708736782.697604) can0 6F1#120221F000000000
(1708736782.714374) can0 612#F1100E61F000464F
(1708736782.715033) can0 6F1#1230000000000000
(1708736782.715324) can0 612#F12130F339255000
(1708736782.715571) can0 612#F122004F00FFFFFF
(1708736782.748096) can0 6F1#120221F000000000
(1708736782.753326) can0 130#45FFFDFFFF
(1708736782.764370) can0 612#F1100E61F000464F
(1708736782.765030) can0 6F1#1230000000000000
(1708736782.765321) can0 612#F12130F3392D5000
(1708736782.765599) can0 612#F122004F00FFFFFF
(1708736782.798038) can0 6F1#120221F000000000
(1708736782.814379) can0 612#F1100E61F000464F
(1708736782.815034) can0 6F1#1230000000000000
(1708736782.815328) can0 612#F12130F3392D5000
(1708736782.815576) can0 612#F122004F00FFFFFF
(1708736782.848004) can0 6F1#120221F000000000
(1708736782.853329) can0 130#45FFFDFFFF
(1708736782.864375) can0 612#F1100E61F000464F
(1708736782.865033) can0 6F1#1230000000000000
(1708736782.865331) can0 612#F12130F3392D5000
(1708736782.865580) can0 612#F122004F00FFFFFF
(1708736782.897912) can0 6F1#120221F000000000
(1708736782.914372) can0 612#F1100E61F000464F
(1708736782.915035) can0 6F1#1230000000000000
(1708736782.915329) can0 612#F12130F3392D5000
(1708736782.915574) can0 612#F122004F00FFFFFF
(1708736782.947394) can0 6F1#120221F000000000
(1708736782.953312) can0 130#45FFFDFFFF
(1708736782.964370) can0 612#F1100E61F000464F
(1708736782.965043) can0 6F1#1230000000000000
(1708736782.965305) can0 612#F12130F339255000
(1708736782.965554) can0 612#F122004F00FFFFFF
(1708736782.997636) can0 6F1#120221F000000000
(1708736783.014409) can0 612#F1100E61F000464F
(1708736783.015047) can0 6F1#1230000000000000
(1708736783.015306) can0 612#F12130F3392D5000
(1708736783.015556) can0 612#F122004F00FFFFFF
(1708736783.047348) can0 6F1#120221F000000000
(1708736783.053353) can0 130#45FFFDFFFF
(1708736783.064375) can0 612#F1100E61F000464F
(1708736783.065035) can0 6F1#1230000000000000
(1708736783.065329) can0 612#F12130F3392D5000
(1708736783.065573) can0 612#F122004F00FFFFFF
(1708736783.096876) can0 6F1#120221F000000000
(1708736783.114408) can0 612#F1100E61F000464F
(1708736783.115050) can0 6F1#1230000000000000
(1708736783.115310) can0 612#F12130F3392D5000
(1708736783.115559) can0 612#F122004F00FFFFFF
(1708736783.146668) can0 6F1#120221F000000000
(1708736783.153309) can0 130#45FFFDFFFF
(1708736783.164344) can0 612#F1100E61F000464F
(1708736783.165038) can0 6F1#1230000000000000
(1708736783.165348) can0 612#F12130F3392D5000
(1708736783.165601) can0 612#F122004F00FFFFFF
(1708736783.196959) can0 6F1#120221F000000000
(1708736783.214403) can0 612#F1100E61F000464F
(1708736783.215047) can0 6F1#1230000000000000
(1708736783.215304) can0 612#F12130F3392D5000
(1708736783.215547) can0 612#F122004F00FFFFFF
(1708736783.246583) can0 6F1#120221F000000000
(1708736783.253351) can0 130#45FFFDFFFF
(1708736783.264371) can0 612#F1100E61F000464F
(1708736783.265034) can0 6F1#1230000000000000
(1708736783.265327) can0 612#F12130F3392D5000
(1708736783.265568) can0 612#F122004F00FFFFFF
(1708736783.297025) can0 6F1#120221F000000000
(1708736783.314382) can0 612#F1100E61F000464F
(1708736783.315043) can0 6F1#1230000000000000
(1708736783.315300) can0 612#F12130F3392D5000
(1708736783.315547) can0 612#F122004F00FFFFFF
(1708736783.346479) can0 6F1#120221F000000000
(1708736783.353323) can0 130#45FFFDFFFF
(1708736783.364372) can0 612#F1100E61F000464F
(1708736783.365030) can0 6F1#1230000000000000
(1708736783.365328) can0 612#F12130F3392D5000
(1708736783.365610) can0 612#F122004F00FFFFFF
(1708736783.396933) can0 6F1#120221F000000000
(1708736783.414389) can0 612#F1100E61F000464F
(1708736783.415044) can0 6F1#1230000000000000
(1708736783.415343) can0 612#F12130F3392D5000
(1708736783.415588) can0 612#F122004F00FFFFFF
(1708736783.446442) can0 6F1#120221F000000000
(1708736783.453386) can0 130#45FFFDFFFF
(1708736783.464376) can0 612#F1100E61F000464F
(1708736783.465051) can0 6F1#1230000000000000
(1708736783.465303) can0 612#F12130F3392D5000
(1708736783.465558) can0 612#F122004F00FFFFFF
(1708736783.496030) can0 6F1#120221F000000000
(1708736783.514402) can0 612#F1100E61F000464F
(1708736783.515045) can0 6F1#1230000000000000
(1708736783.515301) can0 612#F12130F3392D5000
(1708736783.515552) can0 612#F122004F00FFFFFF
(1708736783.546184) can0 6F1#120221F000000000
(1708736783.553357) can0 130#45FFFDFFFF
(1708736783.564378) can0 612#F1100E61F000464F
(1708736783.565038) can0 6F1#1230000000000000
(1708736783.565333) can0 612#F12130F3392D5000
(1708736783.565583) can0 612#F122004F00FFFFFF
(1708736783.596377) can0 6F1#120221F000000000
(1708736783.614408) can0 612#F1100E61F000464F
(1708736783.615046) can0 6F1#1230000000000000
(1708736783.615308) can0 612#F12130F3392D5000
(1708736783.615559) can0 612#F122004F00FFFFFF
(1708736783.645356) can0 6F1#120221F000000000
(1708736783.653353) can0 130#45FFFDFFFF
(1708736783.664355) can0 612#F1100E61F000464F
(1708736783.665054) can0 6F1#1230000000000000
(1708736783.665329) can0 612#F12130F3392D5000
(1708736783.665586) can0 612#F122004F00FFFFFF
(1708736783.696318) can0 6F1#120221F000000000
(1708736783.714377) can0 612#F1100E61F000464F
(1708736783.715038) can0 6F1#1230000000000000
(1708736783.715333) can0 612#F12130F3392D5000
(1708736783.715581) can0 612#F122004F00FFFFFF
(1708736783.745936) can0 6F1#120221F000000000
(1708736783.753325) can0 130#45FFFDFFFF
(1708736783.764371) can0 612#F1100E61F000464F
(1708736783.765030) can0 6F1#1230000000000000
(1708736783.765322) can0 612#F12130F3392D5000
(1708736783.765598) can0 612#F122004F00FFFFFF
(1708736783.795009) can0 6F1#120221F000000000
(1708736783.814386) can0 612#F1100E61F000464F
(1708736783.815038) can0 6F1#1230000000000000
(1708736783.815334) can0 612#F12130F3392D5000
(1708736783.815577) can0 612#F122004F00FFFFFF
(1708736783.845948) can0 6F1#120221F000000000
(1708736783.853362) can0 130#45FFFDFFFF
(1708736783.864379) can0 612#F1100E61F000464F
(1708736783.865041) can0 6F1#1230000000000000
(1708736783.865335) can0 612#F12130F339255000
(1708736783.865582) can0 612#F122004F00FFFFFF
(1708736783.895903) can0 6F1#120221F000000000
(1708736783.914386) can0 612#F1100E61F000464F
(1708736783.915032) can0 6F1#1230000000000000
(1708736783.915324) can0 612#F12130F3392D5000
(1708736783.915609) can0 612#F122004F00FFFFFF
(1708736783.945350) can0 6F1#120221F000000000
(1708736783.953303) can0 130#45FFFDFFFF
(1708736783.964378) can0 612#F1100E61F000464F
(1708736783.965035) can0 6F1#1230000000000000
(1708736783.965329) can0 612#F12130F3392D5000
(1708736783.965608) can0 612#F122004F00FFFFFF
(1708736783.995156) can0 6F1#120221F000000000
(1708736784.014413) can0 612#F1100E61F000464F
(1708736784.015056) can0 6F1#1230000000000000
(1708736784.015315) can0 612#F12130F3392D5000
(1708736784.015559) can0 612#F122004F00FFFFFF
(1708736784.044615) can0 6F1#120221F000000000
(1708736784.053385) can0 130#45FFFDFFFF
(1708736784.064378) can0 612#F1100E61F000464F
(1708736784.065039) can0 6F1#1230000000000000
(1708736784.065335) can0 612#F12130F3392D5000
(1708736784.065617) can0 612#F122004F00FFFFFF
(1708736784.096805) can0 6F1#120221F000000000
(1708736784.114412) can0 612#F1100E61F000464E
(1708736784.115054) can0 6F1#1230000000000000
(1708736784.115314) can0 612#F12130F3392D5000
(1708736784.115560) can0 612#F122004E00FFFFFF
(1708736784.152162) can0 6F1#120221F000000000
(1708736784.153622) can0 130#45FFFDFFFF
(1708736784.164384) can0 612#F1100E61F000464E
(1708736784.165042) can0 6F1#1230000000000000
(1708736784.165335) can0 612#F12130F3392D5000
(1708736784.165620) can0 612#F122004E00FFFFFF
(1708736784.208007) can0 6F1#120221F000000000
(1708736784.224407) can0 612#F1100E61F000464F
(1708736784.225057) can0 6F1#1230000000000000
(1708736784.225303) can0 612#F12130F3392D5000
(1708736784.225547) can0 612#F122004F00FFFFFF
(1708736784.253356) can0 130#45FFFDFFFF
(1708736784.294671) can0 6F1#120221F000000000
(1708736784.314408) can0 612#F1100E61F000464F
(1708736784.315054) can0 6F1#1230000000000000
(1708736784.315316) can0 612#F12130F3392D5000
(1708736784.315565) can0 612#F122004F00FFFFFF
(1708736784.344617) can0 6F1#120221F000000000
(1708736784.353341) can0 130#45FFFDFFFF
(1708736784.364395) can0 612#F1100E61F000464F
(1708736784.365042) can0 6F1#1230000000000000
(1708736784.365335) can0 612#F12130F3392D5000
(1708736784.365615) can0 612#F122004F00FFFFFF
(1708736784.393769) can0 6F1#120221F000000000
(1708736784.404411) can0 612#F1100E61F000464F
(1708736784.405050) can0 6F1#1230000000000000
(1708736784.405307) can0 612#F12130F3392D5000
(1708736784.405556) can0 612#F122004F00FFFFFF
(1708736784.453358) can0 130#45FFFDFFFF
(1708736784.553333) can0 130#45FFFDFFFF
(1708736784.577971) can0 6F1#120221F000000000
(1708736784.594417) can0 612#F1100E61F000464E
(1708736784.595057) can0 6F1#1230000000000000
(1708736784.595317) can0 612#F12130F3392D5000
(1708736784.595565) can0 612#F122004E00FFFFFF
(1708736784.643729) can0 6F1#120221F000000000
(1708736784.653342) can0 130#45FFFDFFFF
(1708736784.654363) can0 612#F1100E61F000464E
(1708736784.655054) can0 6F1#1230000000000000
(1708736784.655310) can0 612#F12130F3392D5000
(1708736784.655569) can0 612#F122004E00FFFFFF
(1708736784.693432) can0 6F1#120221F000000000
(1708736784.704411) can0 612#F1100E61F000464F
(1708736784.705053) can0 6F1#1230000000000000
(1708736784.705330) can0 612#F12130F3392D5000
(1708736784.705577) can0 612#F122004F00FFFFFF
(1708736784.743652) can0 6F1#120221F000000000
(1708736784.753332) can0 130#45FFFDFFFF
(1708736784.754415) can0 612#F1100E61F000464F
(1708736784.755076) can0 6F1#1230000000000000
(1708736784.755378) can0 612#F12130F3392D5000
(1708736784.755625) can0 612#F122004F00FFFFFF
(1708736784.793063) can0 6F1#120221F000000000
(1708736784.804390) can0 612#F1100E61F000464F
(1708736784.805041) can0 6F1#1230000000000000
(1708736784.805334) can0 612#F12130F3392D5000
(1708736784.805625) can0 612#F122004F00FFFFFF
(1708736784.843082) can0 6F1#120221F000000000
(1708736784.853341) can0 130#45FFFDFFFF
(1708736784.854370) can0 612#F1100E61F000464F
(1708736784.855076) can0 6F1#1230000000000000
(1708736784.855347) can0 612#F12130F3392D5000
(1708736784.855592) can0 612#F122004F00FFFFFF
(1708736784.893197) can0 6F1#120221F000000000
(1708736784.904413) can0 612#F1100E61F000464F
(1708736784.905059) can0 6F1#1230000000000000
(1708736784.905365) can0 612#F12130F3392D5000
(1708736784.905622) can0 612#F122004F00FFFFFF
(1708736784.942431) can0 6F1#120221F000000000
(1708736784.953378) can0 130#45FFFDFFFF
(1708736784.954403) can0 612#F1100E61F000464F
(1708736784.955082) can0 6F1#1230000000000000
(1708736784.955393) can0 612#F12130F3392D5000
(1708736784.955678) can0 612#F122004F00FFFFFF
(1708736784.992761) can0 6F1#120221F000000000
(1708736785.004416) can0 612#F1100E61F000464F
(1708736785.005059) can0 6F1#1230000000000000
(1708736785.005356) can0 612#F12130F3392D5000
(1708736785.005603) can0 612#F122004F00FFFFFF
(1708736785.043128) can0 6F1#120221F000000000
(1708736785.053395) can0 130#45FFFDFFFF
(1708736785.054376) can0 612#F1100E61F000464F
(1708736785.055048) can0 6F1#1230000000000000
(1708736785.055351) can0 612#F12130F3392D5000
(1708736785.055622) can0 612#F122004F00FFFFFF
(1708736785.092713) can0 6F1#120221F000000000
(1708736785.104406) can0 612#F1100E61F000464F
(1708736785.105044) can0 6F1#1230000000000000
(1708736785.105338) can0 612#F12130F3392D5000
(1708736785.105624) can0 612#F122004F00FFFFFF
(1708736785.142645) can0 6F1#120221F000000000
(1708736785.153344) can0 130#45FFFDFFFF
(1708736785.154388) can0 612#F1100E61F000464F
(1708736785.155071) can0 6F1#1230000000000000
(1708736785.155342) can0 612#F12130F3392D5000
(1708736785.155604) can0 612#F122004F00FFFFFF
(1708736785.192331) can0 6F1#120221F000000000
(1708736785.204364) can0 612#F1100E61F000464F
(1708736785.205053) can0 6F1#1230000000000000
(1708736785.205369) can0 612#F12130F3392D5000
(1708736785.205618) can0 612#F122004F00FFFFFF
(1708736785.241828) can0 6F1#120221F000000000
(1708736785.253361) can0 130#45FFFDFFFF
(1708736785.254362) can0 612#F1100E61F000464F
(1708736785.255066) can0 6F1#1230000000000000
(1708736785.255370) can0 612#F12130F3392D5000
(1708736785.255650) can0 612#F122004F00FFFFFF
(1708736785.292345) can0 6F1#120221F000000000
(1708736785.304406) can0 612#F1100E61F000464E
(1708736785.305052) can0 6F1#1230000000000000
(1708736785.305357) can0 612#F12130F3392D5000
(1708736785.305601) can0 612#F122004E00FFFFFF
(1708736785.341652) can0 6F1#120221F000000000
(1708736785.353366) can0 130#45FFFDFFFF
(1708736785.354414) can0 612#F1100E61F000464E
(1708736785.355087) can0 6F1#1230000000000000
(1708736785.355358) can0 612#F12130F3392D5000
(1708736785.355622) can0 612#F122004E00FFFFFF
(1708736785.391565) can0 6F1#120221F000000000
(1708736785.404388) can0 612#F1100E61F000464F
(1708736785.405050) can0 6F1#1230000000000000
(1708736785.405358) can0 612#F12130F3392D5000
(1708736785.405639) can0 612#F122004F00FFFFFF
(1708736785.441821) can0 6F1#120221F000000000
(1708736785.453388) can0 130#45FFFDFFFF
(1708736785.454374) can0 612#F1100E61F000464F
(1708736785.455190) can0 6F1#1230000000000000
(1708736785.455646) can0 612#F12130F3392D5000
(1708736785.455909) can0 612#F122004F00FFFFFF
(1708736785.491669) can0 6F1#120221F000000000
(1708736785.504374) can0 612#F1100E61F000464F
(1708736785.505010) can0 6F1#1230000000000000
(1708736785.505273) can0 612#F12130F3392D5000
(1708736785.505564) can0 612#F122004F00FFFFFF
(1708736785.541552) can0 6F1#120221F000000000
(1708736785.553316) can0 130#45FFFDFFFF
(1708736785.554602) can0 612#F1100E61F000464F
(1708736785.555159) can0 6F1#1230000000000000
(1708736785.555389) can0 612#F12130F3392D5000
(1708736785.555605) can0 612#F122004F00FFFFFF
(1708736785.592058) can0 6F1#120221F000000000
(1708736785.604416) can0 612#F1100E61F000464F
(1708736785.605058) can0 6F1#1230000000000000
(1708736785.605368) can0 612#F12130F3392D5000
(1708736785.605622) can0 612#F122004F00FFFFFF
(1708736785.641370) can0 6F1#120221F000000000
(1708736785.653392) can0 130#45FFFDFFFF
(1708736785.654369) can0 612#F1100E61F000464F
(1708736785.655050) can0 6F1#1230000000000000
(1708736785.655347) can0 612#F12130F3392D5000
(1708736785.655600) can0 612#F122004F00FFFFFF
(1708736785.691560) can0 6F1#120221F000000000
(1708736785.704404) can0 612#F1100E61F000464F
(1708736785.705046) can0 6F1#1230000000000000
(1708736785.705355) can0 612#F12130F3392D5000
(1708736785.705636) can0 612#F122004F00FFFFFF
(1708736785.741247) can0 6F1#120221F000000000
(1708736785.753364) can0 130#45FFFDFFFF
(1708736785.754381) can0 612#F1100E61F000464F
(1708736785.755071) can0 6F1#1230000000000000
(1708736785.755339) can0 612#F12130F3392D5000
(1708736785.755585) can0 612#F122004F00FFFFFF
(1708736785.790748) can0 6F1#120221F000000000
(1708736785.804407) can0 612#F1100E61F000464F
(1708736785.805051) can0 6F1#1230000000000000
(1708736785.805347) can0 612#F12130F3392D5000
(1708736785.805626) can0 612#F122004F00FFFFFF
(1708736785.840749) can0 6F1#120221F000000000
(1708736785.853390) can0 130#45FFFDFFFF
(1708736785.854381) can0 612#F1100E61F000464F
(1708736785.855050) can0 6F1#1230000000000000
(1708736785.855341) can0 612#F12130F3392D5000
(1708736785.855628) can0 612#F122004F00FFFFFF
(1708736785.890657) can0 6F1#120221F000000000
(1708736785.904416) can0 612#F1100E61F000464F
(1708736785.905059) can0 6F1#1230000000000000
(1708736785.905356) can0 612#F12130F3392D5000
(1708736785.905633) can0 612#F122004F00FFFFFF
(1708736785.940744) can0 6F1#120221F000000000
(1708736785.953350) can0 130#45FFFDFFFF
(1708736785.954403) can0 612#F1100E61F000464F
(1708736785.955065) can0 6F1#1230000000000000
(1708736785.955368) can0 612#F12130F3392D5000
(1708736785.955654) can0 612#F122004F00FFFFFF
(1708736785.990432) can0 6F1#120221F000000000
(1708736786.004424) can0 612#F1100E61F000464F
(1708736786.005070) can0 6F1#1230000000000000
(1708736786.005368) can0 612#F12130F3392D5000
(1708736786.005652) can0 612#F122004F00FFFFFF
(1708736786.040747) can0 6F1#120221F000000000
(1708736786.053382) can0 130#45FFFDFFFF
(1708736786.054375) can0 612#F1100E61F000464F
(1708736786.055063) can0 6F1#1230000000000000
(1708736786.055362) can0 612#F12130F3392D5000
(1708736786.055605) can0 612#F122004F00FFFFFF
(1708736786.090112) can0 6F1#120221F000000000
(1708736786.104411) can0 612#F1100E61F000464F
(1708736786.105052) can0 6F1#1230000000000000
(1708736786.105344) can0 612#F12130F3392D5000
(1708736786.105628) can0 612#F122004F00FFFFFF
(1708736786.140029) can0 6F1#120221F000000000
(1708736786.153373) can0 130#45FFFDFFFF
(1708736786.154383) can0 612#F1100E61F000464F
(1708736786.155072) can0 6F1#1230000000000000
(1708736786.155339) can0 612#F12130F3392D5000
(1708736786.155583) can0 612#F122004F00FFFFFF
(1708736786.190047) can0 6F1#120221F000000000
(1708736786.204422) can0 612#F1100E61F000464E
(1708736786.205072) can0 6F1#1230000000000000
(1708736786.205353) can0 612#F12130F3392D5000
(1708736786.205629) can0 612#F122004E00FFFFFF
(1708736786.240356) can0 6F1#120221F000000000
(1708736786.253399) can0 130#45FFFDFFFF
(1708736786.254393) can0 612#F1100E61F000464E
(1708736786.255050) can0 6F1#1230000000000000
(1708736786.255340) can0 612#F12130F3392D5000
(1708736786.255626) can0 612#F122004E00FFFFFF
(1708736786.290098) can0 6F1#120221F000000000
(1708736786.304416) can0 612#F1100E61F000464F
(1708736786.305063) can0 6F1#1230000000000000
(1708736786.305347) can0 612#F12130F3392D5000
(1708736786.305630) can0 612#F122004F00FFFFFF
(1708736786.339839) can0 6F1#120221F000000000
(1708736786.353347) can0 130#45FFFDFFFF
(1708736786.354382) can0 612#F1100E61F000464F
(1708736786.355067) can0 6F1#1230000000000000
(1708736786.355335) can0 612#F12130F3392D5000
(1708736786.355584) can0 612#F122004F00FFFFFF
(1708736786.389732) can0 6F1#120221F000000000
(1708736786.404419) can0 612#F1100E61F000464F
(1708736786.405061) can0 6F1#1230000000000000
(1708736786.405357) can0 612#F12130F3392D5000
(1708736786.405635) can0 612#F122004F00FFFFFF
(1708736786.439364) can0 6F1#120221F000000000
(1708736786.453391) can0 130#45FFFDFFFF
(1708736786.454384) can0 612#F1100E61F000464F
(1708736786.455053) can0 6F1#1230000000000000
(1708736786.455344) can0 612#F12130F3392D5000
(1708736786.455632) can0 612#F122004F00FFFFFF
(1708736786.489364) can0 6F1#120221F000000000
(1708736786.504419) can0 612#F1100E61F000464F
(1708736786.505063) can0 6F1#1230000000000000
(1708736786.505359) can0 612#F12130F3392D5000
(1708736786.505640) can0 612#F122004F00FFFFFF
(1708736786.539031) can0 6F1#120221F000000000
(1708736786.553388) can0 130#45FFFDFFFF
(1708736786.554384) can0 612#F1100E61F000464F
(1708736786.555048) can0 6F1#1230000000000000
(1708736786.555355) can0 612#F12130F3392D5000
(1708736786.555638) can0 612#F122004F00FFFFFF
(1708736786.588840) can0 6F1#120221F000000000
(1708736786.604415) can0 612#F1100E61F000464F
(1708736786.605059) can0 6F1#1230000000000000
(1708736786.605355) can0 612#F12130F3392D5000
(1708736786.605633) can0 612#F122004F00FFFFFF
(1708736786.645597) can0 6F1#120221F000000000
(1708736786.653404) can0 130#45FFFDFFFF
(1708736786.664391) can0 612#F1100E61F000464F
(1708736786.665054) can0 6F1#1230000000000000
(1708736786.665348) can0 612#F12130F3392D5000
(1708736786.665627) can0 612#F122004F00FFFFFF
(1708736786.738235) can0 6F1#120221F000000000
(1708736786.753387) can0 130#45FFFDFFFF
(1708736786.754381) can0 612#F1100E61F000464E
(1708736786.755051) can0 6F1#1230000000000000
(1708736786.755355) can0 612#F12130F3392D5000
(1708736786.755648) can0 612#F122004E00FFFFFF
(1708736786.788066) can0 6F1#120221F000000000
(1708736786.804412) can0 612#F1100E61F000464F
(1708736786.805055) can0 6F1#1230000000000000
(1708736786.805354) can0 612#F12130F3392D5000
(1708736786.805635) can0 612#F122004F00FFFFFF
(1708736786.838803) can0 6F1#120221F000000000
(1708736786.853415) can0 130#45FFFDFFFF
(1708736786.854375) can0 612#F1100E61F000464F
(1708736786.855061) can0 6F1#1230000000000000
(1708736786.855355) can0 612#F12130F3392D5000
(1708736786.855643) can0 612#F122004F00FFFFFF
(1708736786.953385) can0 130#45FFFDFFFF
(1708736787.028554) can0 6F1#120221F000000000
(1708736787.044422) can0 612#F1100E61F000464F
(1708736787.045064) can0 6F1#1230000000000000
(1708736787.045359) can0 612#F12130F3392D5000
(1708736787.045640) can0 612#F122004F00FFFFFF
(1708736787.053415) can0 130#45FFFDFFFF
(1708736787.088217) can0 6F1#120221F000000000
(1708736787.104420) can0 612#F1100E61F000464F
(1708736787.105079) can0 6F1#1230000000000000
(1708736787.105363) can0 612#F12130F3392D5000
(1708736787.105645) can0 612#F122004F00FFFFFF
(1708736787.138234) can0 6F1#120221F000000000
(1708736787.153403) can0 130#45FFFDFFFF
(1708736787.154385) can0 612#F1100E61F000464F
(1708736787.155052) can0 6F1#1230000000000000
(1708736787.155378) can0 612#F12130F3392D5000
(1708736787.155663) can0 612#F122004F00FFFFFF
(1708736787.187916) can0 6F1#120221F000000000
(1708736787.204428) can0 612#F1100E61F000464E
(1708736787.205067) can0 6F1#1230000000000000
(1708736787.205364) can0 612#F12130F3392D5000
(1708736787.205652) can0 612#F122004E00FFFFFF
(1708736787.237604) can0 6F1#120221F000000000
(1708736787.253392) can0 130#45FFFDFFFF
(1708736787.254387) can0 612#F1100E61F000464E
(1708736787.255056) can0 6F1#1230000000000000
(1708736787.255348) can0 612#F12130F3392D5000
(1708736787.255635) can0 612#F122004E00FFFFFF
(1708736787.287286) can0 6F1#120221F000000000
(1708736787.304414) can0 612#F1100E61F000464F
(1708736787.305061) can0 6F1#1230000000000000
(1708736787.305355) can0 612#F12130F3392D5000
(1708736787.305634) can0 612#F122004F00FFFFFF
(1708736787.337414) can0 6F1#120221F000000000
(1708736787.353436) can0 130#45FFFDFFFF
(1708736787.354432) can0 612#F1100E61F000464F
(1708736787.355091) can0 6F1#1230000000000000
(1708736787.355396) can0 612#F12130F3392D5000
(1708736787.355675) can0 612#F122004F00FFFFFF
(1708736787.387000) can0 6F1#120221F000000000
(1708736787.404410) can0 612#F1100E61F000464F
(1708736787.405055) can0 6F1#1230000000000000
(1708736787.405353) can0 612#F12130F3392D5000
(1708736787.405648) can0 612#F122004F00FFFFFF
(1708736787.437270) can0 6F1#120221F000000000
(1708736787.453470) can0 130#45FFFDFFFF
(1708736787.454374) can0 612#F1100E61F000464F
(1708736787.455055) can0 6F1#1230000000000000
(1708736787.455353) can0 612#F12130F3392D5000
(1708736787.455634) can0 612#F122004F00FFFFFF
(1708736787.487212) can0 6F1#120221F000000000
(1708736787.504428) can0 612#F1100E61F000464E
(1708736787.505071) can0 6F1#1230000000000000
(1708736787.505367) can0 612#F12130F3392D5000
(1708736787.505647) can0 612#F122004E00FFFFFF
(1708736787.536939) can0 6F1#120221F000000000
(1708736787.553403) can0 130#45FFFDFFFF
(1708736787.554392) can0 612#F1100E61F000464E
(1708736787.555060) can0 6F1#1230000000000000
(1708736787.555383) can0 612#F12130F3392D5000
(1708736787.555630) can0 612#F122004E00FFFFFF
(1708736787.587681) can0 6F1#120221F000000000
(1708736787.604433) can0 612#F1100E61F000464E
(1708736787.605077) can0 6F1#1230000000000000
(1708736787.605375) can0 612#F12130F3392D5000
(1708736787.605659) can0 612#F122004E00FFFFFF
(1708736787.637390) can0 6F1#120221F000000000
(1708736787.653427) can0 130#45FFFDFFFF
(1708736787.654381) can0 612#F1100E61F000464E
(1708736787.655065) can0 6F1#1230000000000000
(1708736787.655365) can0 612#F12130F3392D5000
(1708736787.655645) can0 612#F122004E00FFFFFF
(1708736787.686417) can0 6F1#120221F000000000
(1708736787.704408) can0 612#F1100E61F000464F
(1708736787.705054) can0 6F1#1230000000000000
(1708736787.705349) can0 612#F12130F3392D5000
(1708736787.705633) can0 612#F122004F00FFFFFF
(1708736787.735864) can0 6F1#120221F000000000
(1708736787.753382) can0 130#45FFFDFFFF
(1708736787.754387) can0 612#F1100E61F000464F
(1708736787.755079) can0 6F1#1230000000000000
(1708736787.755385) can0 612#F12130F3392D5000
(1708736787.755668) can0 612#F122004F00FFFFFF
(1708736787.786371) can0 6F1#120221F000000000
(1708736787.804421) can0 612#F1100E61F000464F
(1708736787.805068) can0 6F1#1230000000000000
(1708736787.805364) can0 612#F12130F3392D5000
(1708736787.805647) can0 612#F122004F00FFFFFF
(1708736787.836000) can0 6F1#120221F000000000
(1708736787.853430) can0 130#45FFFDFFFF
(1708736787.854385) can0 612#F1100E61F000464F
(1708736787.855066) can0 6F1#1230000000000000
(1708736787.855360) can0 612#F12130F3392D5000
(1708736787.855640) can0 612#F122004F00FFFFFF
(1708736787.886223) can0 6F1#120221F000000000
(1708736787.904427) can0 612#F1100E61F000464F
(1708736787.905079) can0 6F1#1230000000000000
(1708736787.905326) can0 612#F12130F3392D5000
(1708736787.905569) can0 612#F122004F00FFFFFF
(1708736787.935784) can0 6F1#120221F000000000
(1708736787.953407) can0 130#45FFFDFFFF
(1708736787.954414) can0 612#F1100E61F000464F
(1708736787.955100) can0 6F1#1230000000000000
(1708736787.955403) can0 612#F12130F3392D5000
(1708736787.955651) can0 612#F122004F00FFFFFF
(1708736787.985784) can0 6F1#120221F000000000
(1708736788.004413) can0 612#F1100E61F000464F
(1708736788.005076) can0 6F1#1230000000000000
(1708736788.005361) can0 612#F12130F3392D5000
(1708736788.005640) can0 612#F122004F00FFFFFF
(1708736788.035175) can0 6F1#120221F000000000
(1708736788.053445) can0 130#45FFFDFFFF
(1708736788.054372) can0 612#F1100E61F000464F
(1708736788.055053) can0 6F1#1230000000000000
(1708736788.055344) can0 612#F12130F3392D5000
(1708736788.055638) can0 612#F122004F00FFFFFF
(1708736788.085732) can0 6F1#120221F000000000
(1708736788.104423) can0 612#F1100E61F000464F
(1708736788.105065) can0 6F1#1230000000000000
(1708736788.105358) can0 612#F12130F3392D5000
(1708736788.105642) can0 612#F122004F00FFFFFF
(1708736788.135715) can0 6F1#120221F000000000
(1708736788.153417) can0 130#45FFFDFFFF
(1708736788.154419) can0 612#F1100E61F000464F
(1708736788.155083) can0 6F1#1230000000000000
(1708736788.155393) can0 612#F12130F3392D5000
(1708736788.155679) can0 612#F122004F00FFFFFF
(1708736788.185631) can0 6F1#120221F000000000
(1708736788.204388) can0 612#F1100E61F000464F
(1708736788.205057) can0 6F1#1230000000000000
(1708736788.205354) can0 612#F12130F3392D5000
(1708736788.205634) can0 612#F122004F00FFFFFF
(1708736788.235219) can0 6F1#120221F000000000
(1708736788.253410) can0 130#45FFFDFFFF
(1708736788.254384) can0 612#F1100E61F000464F
(1708736788.255058) can0 6F1#1230000000000000
(1708736788.255351) can0 612#F12130F3392D5000
(1708736788.255641) can0 612#F122004F00FFFFFF
(1708736788.286112) can0 6F1#120221F000000000
(1708736788.304433) can0 612#F1100E61F000464F
(1708736788.305072) can0 6F1#1230000000000000
(1708736788.305369) can0 612#F12130F3392D5000
(1708736788.305648) can0 612#F122004F00FFFFFF
(1708736788.334828) can0 6F1#120221F000000000
(1708736788.353425) can0 130#45FFFDFFFF
(1708736788.354404) can0 612#F1100E61F000464F
(1708736788.355072) can0 6F1#1230000000000000
(1708736788.355377) can0 612#F12130F3392D5000
(1708736788.355673) can0 612#F122004F00FFFFFF
(1708736788.384746) can0 6F1#120221F000000000
(1708736788.404438) can0 612#F1100E61F000464F
(1708736788.405089) can0 6F1#1230000000000000
(1708736788.405347) can0 612#F12130F3392D5000
(1708736788.405595) can0 612#F122004F00FFFFFF
(1708736788.434381) can0 6F1#120221F000000000
(1708736788.444426) can0 612#F1100E61F000464F
(1708736788.445071) can0 6F1#1230000000000000
(1708736788.445328) can0 612#F12130F3392D5000
(1708736788.445589) can0 612#F122004F00FFFFFF
(1708736788.453437) can0 130#45FFFDFFFF
(1708736788.484651) can0 6F1#120221F000000000
(1708736788.504397) can0 612#F1100E61F000464F
(1708736788.505073) can0 6F1#1230000000000000
(1708736788.505376) can0 612#F12130F3392D5000
(1708736788.505662) can0 612#F122004F00FFFFFF
(1708736788.535222) can0 6F1#120221F000000000
(1708736788.553421) can0 130#45FFFDFFFF
(1708736788.554395) can0 612#F1100E61F000464F
(1708736788.555067) can0 6F1#1230000000000000
(1708736788.555374) can0 612#F12130F3392D5000
(1708736788.555674) can0 612#F122004F00FFFFFF
(1708736788.584023) can0 6F1#120221F000000000
(1708736788.594428) can0 612#F1100E61F000464F
(1708736788.595073) can0 6F1#1230000000000000
(1708736788.595373) can0 612#F12130F3392D5000
(1708736788.595658) can0 612#F122004F00FFFFFF
(1708736788.634965) can0 6F1#120221F000000000
(1708736788.653453) can0 130#45FFFDFFFF
(1708736788.654387) can0 612#F1100E61F000464F
(1708736788.655068) can0 6F1#1230000000000000
(1708736788.655370) can0 612#F12130F3392D5000
(1708736788.655648) can0 612#F122004F00FFFFFF
(1708736788.684065) can0 6F1#120221F000000000
(1708736788.694431) can0 612#F1100E61F000464F
(1708736788.695076) can0 6F1#1230000000000000
(1708736788.695372) can0 612#F12130F3392D5000
(1708736788.695655) can0 612#F122004F00FFFFFF
(1708736788.734389) can0 6F1#120221F000000000
(1708736788.753456) can0 130#45FFFDFFFF
(1708736788.754428) can0 612#F1100E61F000464F
(1708736788.755104) can0 6F1#1230000000000000
(1708736788.755407) can0 612#F12130F3392D5000
(1708736788.755654) can0 612#F122004F00FFFFFF
(1708736788.784169) can0 6F1#120221F000000000
(1708736788.794433) can0 612#F1100E61F000464F
(1708736788.795078) can0 6F1#1230000000000000
(1708736788.795376) can0 612#F12130F3392D5000
(1708736788.795672) can0 612#F122004F00FFFFFF
(1708736788.834172) can0 6F1#120221F000000000
(1708736788.844431) can0 612#F1100E61F000464F
(1708736788.845071) can0 6F1#1230000000000000
(1708736788.845330) can0 612#F12130F3392D5000
(1708736788.845573) can0 612#F122004F00FFFFFF
(1708736788.853442) can0 130#45FFFDFFFF
(1708736788.884402) can0 6F1#120221F000000000
(1708736788.904407) can0 612#F1100E61F000464F
(1708736788.905074) can0 6F1#1230000000000000
(1708736788.905334) can0 612#F12130F3392D5000
(1708736788.905580) can0 612#F122004F00FFFFFF
(1708736788.933677) can0 6F1#120221F000000000
(1708736788.944431) can0 612#F1100E61F000464F
(1708736788.945082) can0 6F1#1230000000000000
(1708736788.945330) can0 612#F12130F3392D5000
(1708736788.945575) can0 612#F122004F00FFFFFF
(1708736788.953431) can0 130#45FFFDFFFF
(1708736788.986666) can0 6F1#120221F000000000
(1708736789.004406) can0 612#F1100E61F000464F
(1708736789.005068) can0 6F1#1230000000000000
(1708736789.005362) can0 612#F12130F3392D5000
(1708736789.005646) can0 612#F122004F00FFFFFF
(1708736789.053434) can0 130#45FFFDFFFF
(1708736789.086402) can0 6F1#120221F000000000
(1708736789.104411) can0 612#F1100E61F000464F
(1708736789.105058) can0 6F1#1230000000000000
(1708736789.105353) can0 612#F12130F3392D5000
(1708736789.105634) can0 612#F122004F00FFFFFF
(1708736789.146142) can0 6F1#120221F000000000
(1708736789.153400) can0 130#45FFFDFFFF
(1708736789.164424) can0 612#F1100E61F000464F
(1708736789.165064) can0 6F1#1230000000000000
(1708736789.165360) can0 612#F12130F3392D5000
(1708736789.165639) can0 612#F122004F00FFFFFF
(1708736789.234071) can0 6F1#120221F000000000
(1708736789.244393) can0 612#F1100E61F000464F
(1708736789.245071) can0 6F1#1230000000000000
(1708736789.245370) can0 612#F12130F3392D5000
(1708736789.245654) can0 612#F122004F00FFFFFF
(1708736789.253460) can0 130#45FFFDFFFF
(1708736789.283523) can0 6F1#120221F000000000
(1708736789.294403) can0 612#F1100E61F000464F
(1708736789.295072) can0 6F1#1230000000000000
(1708736789.295368) can0 612#F12130F3392D5000
(1708736789.295648) can0 612#F122004F00FFFFFF
(1708736789.353417) can0 130#45FFFDFFFF
(1708736789.453440) can0 130#45FFFDFFFF
(1708736789.476152) can0 6F1#120221F000000000
(1708736789.494436) can0 612#F1100E61F000464F
(1708736789.495078) can0 6F1#1230000000000000
(1708736789.495376) can0 612#F12130F3392D5000
(1708736789.495656) can0 612#F122004F00FFFFFF
(1708736789.531980) can0 6F1#120221F000000000
(1708736789.544431) can0 612#F1100E61F000464F
(1708736789.545074) can0 6F1#1230000000000000
(1708736789.545332) can0 612#F12130F3392D5000
(1708736789.545575) can0 612#F122004F00FFFFFF
(1708736789.553435) can0 130#45FFFDFFFF
(1708736789.582392) can0 6F1#120221F000000000
(1708736789.594433) can0 612#F1100E61F000464F
(1708736789.595076) can0 6F1#1230000000000000
(1708736789.595370) can0 612#F12130F3392D5000
(1708736789.595649) can0 612#F122004F00FFFFFF
(1708736789.632330) can0 6F1#120221F000000000
(1708736789.644431) can0 612#F1100E61F000464F
(1708736789.645073) can0 6F1#1230000000000000
(1708736789.645333) can0 612#F12130F3392D5000
(1708736789.645579) can0 612#F122004F00FFFFFF
(1708736789.653451) can0 130#45FFFDFFFF
(1708736789.682784) can0 6F1#120221F000000000
(1708736789.694436) can0 612#F1100E61F000464F
(1708736789.695082) can0 6F1#1230000000000000
(1708736789.695374) can0 612#F12130F3392D5000
(1708736789.695659) can0 612#F122004F00FFFFFF
(1708736789.732255) can0 6F1#120221F000000000
(1708736789.744435) can0 612#F1100E61F000464F
(1708736789.745077) can0 6F1#1230000000000000
(1708736789.745370) can0 612#F12130F3392D5000
(1708736789.745654) can0 612#F122004F00FFFFFF
(1708736789.753441) can0 130#45FFFDFFFF
(1708736789.781609) can0 6F1#120221F000000000
(1708736789.794404) can0 612#F1100E61F000464F
(1708736789.795068) can0 6F1#1230000000000000
(1708736789.795360) can0 612#F12130F3392D5000
(1708736789.795646) can0 612#F122004F00FFFFFF
(1708736789.831875) can0 6F1#120221F000000000
(1708736789.844433) can0 612#F1100E61F000464F
(1708736789.845073) can0 6F1#1230000000000000
(1708736789.845368) can0 612#F12130F3392D5000
(1708736789.845648) can0 612#F122004F00FFFFFF
(1708736789.853475) can0 130#45FFFDFFFF
(1708736789.881892) can0 6F1#120221F000000000
(1708736789.894434) can0 612#F1100E61F000464E
(1708736789.895079) can0 6F1#1230000000000000
(1708736789.895375) can0 612#F12130F3392D5000
(1708736789.895655) can0 612#F122004E00FFFFFF
(1708736789.931616) can0 6F1#120221F000000000
(1708736789.944426) can0 612#F1100E61F000464E
(1708736789.945067) can0 6F1#1230000000000000
(1708736789.945366) can0 612#F12130F3392D5000
(1708736789.945610) can0 612#F122004E00FFFFFF
(1708736789.953420) can0 130#45FFFDFFFF
(1708736789.981180) can0 6F1#120221F000000000
(1708736789.994437) can0 612#F1100E61F000464F
(1708736789.995081) can0 6F1#1230000000000000
(1708736789.995362) can0 612#F12130F3392D5000
(1708736789.995644) can0 612#F122004F00FFFFFF
(1708736790.031088) can0 6F1#120221F000000000
(1708736790.044437) can0 612#F1100E61F000464F
(1708736790.045080) can0 6F1#1230000000000000
(1708736790.045339) can0 612#F12130F3392D5000
(1708736790.045581) can0 612#F122004F00FFFFFF
(1708736790.053466) can0 130#45FFFDFFFF
(1708736790.081501) can0 6F1#120221F000000000
(1708736790.094436) can0 612#F1100E61F000464F
(1708736790.095082) can0 6F1#1230000000000000
(1708736790.095364) can0 612#F12130F3392D5000
(1708736790.095646) can0 612#F122004F00FFFFFF
(1708736790.153463) can0 130#45FFFDFFFF
(1708736790.253449) can0 130#45FFFDFFFF
(1708736790.353428) can0 130#45FFFDFFFF
(1708736790.453468) can0 130#45FFFDFFFF
(1708736790.553436) can0 130#45FFFDFFFF
(1708736790.653466) can0 130#45FFFDFFFF
(1708736790.753460) can0 130#45FFFDFFFF
(1708736790.853470) can0 130#45FFFDFFFF
(1708736790.953448) can0 130#45FFFDFFFF
(1708736791.053468) can0 130#45FFFDFFFF
(1708736791.153419) can0 130#45FFFDFFFF
(1708736791.253473) can0 130#45FFFDFFFF
(1708736791.353457) can0 130#45FFFDFFFF
(1708736791.453477) can0 130#45FFFDFFFF
(1708736791.553432) can0 130#45FFFDFFFF
(1708736791.653487) can0 130#45FFFDFFFF
(1708736791.753471) can0 130#45FFFDFFFF
(1708736791.853484) can0 130#45FFFDFFFF
(1708736791.953512) can0 130#45FFFDFFFF
(1708736792.053494) can0 130#45FFFDFFFF
(1708736792.153468) can0 130#45FFFDFFFF
(1708736792.253504) can0 130#45FFFDFFFF
(1708736792.353457) can0 130#45FFFDFFFF
(1708736792.453534) can0 130#45FFFDFFFF
(1708736792.553485) can0 130#45FFFDFFFF
(1708736792.653511) can0 130#45FFFDFFFF
(1708736792.753485) can0 130#45FFFDFFFF
(1708736792.853504) can0 130#45FFFDFFFF
(1708736792.953497) can0 130#45FFFDFFFF
(1708736793.053518) can0 130#45FFFDFFFF
(1708736793.153492) can0 130#45FFFDFFFF
(1708736793.253512) can0 130#45FFFDFFFF
(1708736793.353484) can0 130#45FFFDFFFF
(1708736793.453513) can0 130#45FFFDFFFF
(1708736793.553501) can0 130#45FFFDFFFF
(1708736793.653529) can0 130#45FFFDFFFF
(1708736793.753508) can0 130#45FFFDFFFF
(1708736793.853531) can0 130#45FFFDFFFF
(1708736793.953496) can0 130#45FFFDFFFF
(1708736794.053540) can0 130#45FFFDFFFF
(1708736794.153517) can0 130#45FFFDFFFF
